player,seasons,batting_runs,batting_average,strike_rate,runs_per_match,bowling_wickets,economy,wickets_per_match,cluster_id,cluster_name
A Ashish Reddy,4,280.0,18.666666666666668,142.85714285714286,12.173913043478262,19.0,8.88888888888889,0.95,2,Finishers / All-Rounders
A Badoni,3,634.0,24.384615384615383,125.54455445544555,18.114285714285714,2.0,8.879999999999999,0.4,2,Finishers / All-Rounders
A Chandila,2,4.0,4.0,57.142857142857146,2.0,11.0,6.282051282051282,0.9166666666666666,0,Finishers / All-Rounders
A Chopra,2,53.0,10.6,70.66666666666667,8.833333333333334,0.0,0.0,0.0,2,Finishers / All-Rounders
A Choudhary,1,25.0,12.5,125.0,8.333333333333334,5.0,8.0,1.0,0,Finishers / All-Rounders
A Dananjaya,1,4.0,4.0,80.0,4.0,0.0,11.28,0.0,0,Finishers / All-Rounders
A Flintoff,1,62.0,31.0,108.7719298245614,20.666666666666668,2.0,9.636363636363637,0.6666666666666666,2,Finishers / All-Rounders
A Kamboj,1,2.0,2.0,100.0,2.0,2.0,10.147058823529411,0.6666666666666666,0,Finishers / All-Rounders
A Kumble,3,35.0,17.5,71.42857142857143,2.3333333333333335,49.0,6.646998982706002,1.1666666666666667,0,Finishers / All-Rounders
A Manohar,3,231.0,16.5,127.62430939226519,15.4,0.0,0.0,0.0,2,Finishers / All-Rounders
A Mishra,15,381.0,12.290322580645162,86.5909090909091,6.927272727272728,183.0,7.304878048780488,1.1296296296296295,3,Finishers / All-Rounders
A Mithun,5,34.0,6.8,130.76923076923077,5.666666666666667,8.0,9.173076923076923,0.5,0,Finishers / All-Rounders
A Mukund,2,19.0,9.5,82.6086956521739,9.5,0.0,0.0,0.0,2,Finishers / All-Rounders
A Nehra,9,41.0,5.125,65.07936507936508,2.411764705882353,121.0,7.711246200607903,1.375,3,Finishers / All-Rounders
A Nel,1,0.0,0.0,0.0,0.0,1.0,10.333333333333334,1.0,0,Finishers / All-Rounders
A Nortje,4,49.0,9.8,96.07843137254902,3.769230769230769,62.0,8.82771194165907,1.3478260869565217,3,Finishers / All-Rounders
A Raghuvanshi,1,163.0,23.285714285714285,149.54128440366972,23.285714285714285,0.0,0.0,0.0,2,Finishers / All-Rounders
A Singh,3,2.0,0.5,20.0,0.4,31.0,7.888888888888889,1.3478260869565217,0,Finishers / All-Rounders
A Symonds,4,974.0,37.46153846153846,124.71190781049935,27.055555555555557,23.0,7.711111111111111,0.7666666666666667,2,Finishers / All-Rounders
A Tomar,1,4.0,4.0,50.0,4.0,0.0,0.0,0.0,0,Finishers / All-Rounders
A Uniyal,1,4.0,4.0,57.142857142857146,2.0,3.0,10.578947368421053,1.5,0,Finishers / All-Rounders
A Zampa,4,15.0,3.0,60.0,3.0,30.0,7.934117647058824,1.5,0,Finishers / All-Rounders
AA Bilakhia,2,69.0,13.8,78.4090909090909,9.857142857142858,0.0,0.0,0.0,2,Finishers / All-Rounders
AA Chavan,3,12.0,12.0,109.0909090909091,4.0,8.0,7.976470588235294,0.6153846153846154,0,Finishers / All-Rounders
AA Jhunjhunwala,3,217.0,15.5,99.54128440366972,14.466666666666667,1.0,8.863636363636363,0.1,2,Finishers / All-Rounders
AA Kazi,1,0.0,0.0,0.0,0.0,1.0,9.692307692307693,1.0,0,Finishers / All-Rounders
AA Kulkarni,1,9.0,4.5,112.5,4.5,0.0,0.0,0.0,2,Finishers / All-Rounders
AA Noffke,1,9.0,9.0,75.0,9.0,1.0,9.84,1.0,0,Finishers / All-Rounders
AB Agarkar,6,179.0,22.375,111.875,9.944444444444445,33.0,8.590243902439026,0.7857142857142857,3,Finishers / All-Rounders
AB Barath,1,42.0,21.0,97.67441860465117,14.0,0.0,0.0,0.0,2,Finishers / All-Rounders
AB Dinda,10,26.0,2.888888888888889,52.0,1.625,82.0,7.940843297671492,1.0933333333333333,3,Finishers / All-Rounders
AB McDonald,5,123.0,24.6,119.41747572815534,13.666666666666666,14.0,8.393617021276595,1.4,2,Finishers / All-Rounders
AB de Villiers,13,5181.0,41.448,148.58044164037855,30.476470588235294,0.0,0.0,0.0,1,Power Hitters
AC Blizzard,2,120.0,17.142857142857142,131.86813186813185,17.142857142857142,0.0,0.0,0.0,2,Finishers / All-Rounders
AC Gilchrist,6,2069.0,27.223684210526315,133.05466237942122,25.8625,1.0,0.0,1.0,1,Power Hitters
AC Thomas,2,20.0,10.0,105.26315789473684,5.0,16.0,7.63302752293578,1.0666666666666667,0,Finishers / All-Rounders
AC Voges,1,181.0,30.166666666666668,126.57342657342657,25.857142857142858,1.0,8.142857142857142,0.14285714285714285,2,Finishers / All-Rounders
AD Hales,1,148.0,24.666666666666668,124.36974789915966,24.666666666666668,0.0,0.0,0.0,2,Finishers / All-Rounders
AD Mascarenhas,5,79.0,7.9,100.0,7.181818181818182,19.0,7.064516129032258,1.4615384615384615,0,Finishers / All-Rounders
AD Mathews,6,724.0,23.35483870967742,120.86811352253756,17.658536585365855,28.0,8.141263940520446,0.6363636363636364,2,Finishers / All-Rounders
AD Nath,4,90.0,9.0,90.9090909090909,9.0,0.0,0.0,0.0,2,Finishers / All-Rounders
AD Russell,11,2488.0,29.61904761904762,164.22442244224422,23.923076923076923,125.0,9.116883116883116,1.1160714285714286,3,Finishers / All-Rounders
AF Milne,4,23.0,4.6,74.19354838709677,3.8333333333333335,9.0,9.373271889400922,0.9,0,Finishers / All-Rounders
AG Murtaza,4,10.0,10.0,71.42857142857143,3.3333333333333335,12.0,7.182156133828996,1.0,0,Finishers / All-Rounders
AG Paunikar,2,49.0,9.8,80.32786885245902,9.8,0.0,0.0,0.0,2,Finishers / All-Rounders
AJ Finch,11,2092.0,24.904761904761905,123.34905660377359,23.244444444444444,1.0,9.136363636363637,0.2,1,Power Hitters
AJ Hosein,1,16.0,16.0,145.45454545454547,16.0,1.0,10.25,1.0,2,Finishers / All-Rounders
AJ Turner,2,24.0,4.8,77.41935483870968,4.0,0.0,0.0,0.0,2,Finishers / All-Rounders
AJ Tye,5,91.0,11.375,115.18987341772151,7.0,48.0,8.445378151260504,1.6,3,Finishers / All-Rounders
AK Markram,4,995.0,30.151515151515152,126.42947903430749,23.69047619047619,2.0,8.439024390243903,0.14285714285714285,2,Finishers / All-Rounders
AL Menaria,3,401.0,18.227272727272727,109.26430517711172,17.434782608695652,3.0,7.646017699115045,0.25,2,Finishers / All-Rounders
AM Nayar,7,672.0,17.23076923076923,114.28571428571429,13.44,9.0,8.10878661087866,0.47368421052631576,2,Finishers / All-Rounders
AM Rahane,15,4642.0,29.756410256410255,120.32141005702437,27.146198830409357,1.0,5.0,1.0,1,Power Hitters
AM Salvi,2,0.0,0.0,0.0,0.0,7.0,7.884615384615385,1.0,0,Finishers / All-Rounders
AN Ahmed,6,36.0,36.0,133.33333333333334,6.0,15.0,8.535911602209945,0.8823529411764706,2,Finishers / All-Rounders
AN Ghosh,1,7.0,3.5,87.5,3.5,0.0,0.0,0.0,2,Finishers / All-Rounders
AP Dole,1,34.0,17.0,147.82608695652175,17.0,5.0,9.36986301369863,1.6666666666666667,2,Finishers / All-Rounders
AP Majumdar,1,87.0,21.75,112.98701298701299,21.75,0.0,0.0,0.0,2,Finishers / All-Rounders
AP Tare,6,339.0,14.125,118.94736842105263,12.555555555555555,0.0,0.0,0.0,2,Finishers / All-Rounders
AR Bawne,1,12.0,12.0,100.0,12.0,0.0,0.0,0.0,2,Finishers / All-Rounders
AR Patel,10,1653.0,21.192307692307693,125.41729893778452,14.758928571428571,131.0,7.279187817258883,0.8851351351351351,3,Finishers / All-Rounders
AS Joseph,4,27.0,27.0,84.375,5.4,22.0,9.343612334801762,1.0,0,Finishers / All-Rounders
AS Rajpoot,6,26.0,6.5,63.41463414634146,3.7142857142857144,24.0,8.931216931216932,0.8275862068965517,0,Finishers / All-Rounders
AS Raut,3,194.0,17.636363636363637,112.79069767441861,12.125,0.0,9.0,0.0,2,Finishers / All-Rounders
AS Roy,4,26.0,8.666666666666666,108.33333333333333,4.333333333333333,6.0,8.070422535211268,0.6666666666666666,0,Finishers / All-Rounders
AS Yadav,1,49.0,7.0,122.5,8.166666666666666,0.0,0.0,0.0,2,Finishers / All-Rounders
AT Carey,1,32.0,16.0,110.34482758620689,10.666666666666666,0.0,0.0,0.0,2,Finishers / All-Rounders
AT Rayudu,13,4348.0,28.605263157894736,124.58452722063038,23.502702702702702,0.0,0.0,0.0,1,Power Hitters
AU Rashid,2,22.0,11.0,129.41176470588235,11.0,2.0,9.1,0.6666666666666666,2,Finishers / All-Rounders
AUK Pathan,2,39.0,7.8,150.0,5.571428571428571,0.0,9.219512195121952,0.0,2,Finishers / All-Rounders
Abdul Basith,1,1.0,1.0,100.0,1.0,0.0,0.0,0.0,2,Finishers / All-Rounders
Abdul Samad,4,579.0,18.09375,141.91176470588235,14.846153846153847,2.0,12.327272727272728,0.4,2,Finishers / All-Rounders
Abdur Razzak,1,0.0,0.0,0.0,0.0,0.0,12.428571428571427,0.0,0,Finishers / All-Rounders
Abhishek Sharma,6,1377.0,25.036363636363635,148.86486486486487,22.57377049180328,11.0,8.546762589928058,0.4230769230769231,2,Finishers / All-Rounders
Abishek Porel,2,360.0,22.5,147.54098360655738,22.5,0.0,0.0,0.0,2,Finishers / All-Rounders
Akash Deep,3,19.0,9.5,158.33333333333334,6.333333333333333,8.0,11.108571428571429,1.0,0,Finishers / All-Rounders
Akash Madhwal,2,4.0,4.0,80.0,4.0,22.0,9.268817204301076,1.6923076923076923,0,Finishers / All-Rounders
Akash Singh,2,0.0,0.0,0.0,0.0,5.0,9.659574468085106,0.7142857142857143,0,Finishers / All-Rounders
Aman Hakim Khan,2,115.0,12.777777777777779,105.5045871559633,11.5,0.0,13.0,0.0,2,Finishers / All-Rounders
Anand Rajan,3,0.0,0.0,0.0,0.0,10.0,7.62962962962963,1.25,0,Finishers / All-Rounders
Anirudh Singh,1,63.0,15.75,91.30434782608695,15.75,0.0,0.0,0.0,2,Finishers / All-Rounders
Ankit Sharma,7,87.0,12.428571428571429,126.08695652173913,8.7,12.0,7.248,0.5714285714285714,2,Finishers / All-Rounders
Ankit Soni,1,7.0,3.5,77.77777777777777,2.3333333333333335,4.0,7.767857142857142,0.6666666666666666,0,Finishers / All-Rounders
Anmolpreet Singh,4,139.0,15.444444444444445,118.80341880341881,15.444444444444445,0.0,0.0,0.0,2,Finishers / All-Rounders
Anuj Rawat,4,318.0,22.714285714285715,115.21739130434783,15.142857142857142,0.0,0.0,0.0,2,Finishers / All-Rounders
Anureet Singh,5,36.0,9.0,76.59574468085107,4.5,21.0,8.874418604651162,0.9545454545454546,0,Finishers / All-Rounders
Arjun Tendulkar,2,13.0,13.0,144.44444444444446,13.0,4.0,8.457831325301205,0.8,2,Finishers / All-Rounders
Arshad Khan,2,96.0,24.0,143.28358208955223,16.0,6.0,11.058823529411764,0.6666666666666666,2,Finishers / All-Rounders
Arshad Khan (2),1,5.0,5.0,125.0,5.0,0.0,11.53846153846154,0.0,0,Finishers / All-Rounders
Arshdeep Singh,5,29.0,5.8,69.04761904761905,2.6363636363636362,84.0,8.659325533379215,1.2923076923076924,3,Finishers / All-Rounders
Ashutosh Sharma,1,189.0,23.625,160.16949152542372,21.0,0.0,0.0,0.0,2,Finishers / All-Rounders
Atharva Taide,2,247.0,30.875,139.54802259887006,27.444444444444443,0.0,24.0,0.0,2,Finishers / All-Rounders
Avesh Khan,7,41.0,41.0,164.0,4.555555555555555,81.0,8.676258992805757,1.3064516129032258,3,Finishers / All-Rounders
Azhar Mahmood,3,388.0,20.42105263157895,124.7588424437299,18.476190476190474,31.0,7.684782608695652,1.3478260869565217,2,Finishers / All-Rounders
Azmatullah Omarzai,1,42.0,10.5,123.52941176470588,10.5,4.0,8.885496183206108,0.5714285714285714,2,Finishers / All-Rounders
B Akhil,4,76.0,10.857142857142858,133.33333333333334,6.909090909090909,7.0,7.647668393782384,0.5384615384615384,2,Finishers / All-Rounders
B Chipli,4,280.0,17.5,109.375,13.333333333333334,0.0,20.0,0.0,2,Finishers / All-Rounders
B Geeves,1,0.0,0.0,0.0,0.0,2.0,11.142857142857144,1.0,0,Finishers / All-Rounders
B Indrajith,1,21.0,7.0,67.74193548387096,7.0,0.0,0.0,0.0,2,Finishers / All-Rounders
B Kumar,13,306.0,9.0,90.53254437869822,4.707692307692308,195.0,7.464532019704434,1.1079545454545454,3,Finishers / All-Rounders
B Laughlin,2,5.0,2.5,38.46153846153846,1.25,10.0,9.5195530726257,1.1111111111111112,0,Finishers / All-Rounders
B Lee,6,124.0,12.4,121.56862745098039,6.526315789473684,30.0,7.3755458515283845,0.7894736842105263,3,Finishers / All-Rounders
B Sai Sudharsan,3,1034.0,49.23809523809524,134.28571428571428,41.36,0.0,0.0,0.0,1,Power Hitters
B Stanlake,2,5.0,5.0,250.0,5.0,7.0,8.0,1.1666666666666667,2,Finishers / All-Rounders
B Sumanth,1,35.0,35.0,92.10526315789474,8.75,0.0,0.0,0.0,2,Finishers / All-Rounders
BA Bhatt,3,6.0,6.0,85.71428571428571,3.0,13.0,8.07920792079208,0.8666666666666667,0,Finishers / All-Rounders
BA Stokes,5,935.0,22.804878048780488,130.22284122562675,21.74418604651163,31.0,8.489626556016598,0.8157894736842105,2,Finishers / All-Rounders
BAW Mendis,4,3.0,1.5,50.0,1.0,9.0,7.403225806451612,0.9,0,Finishers / All-Rounders
BB McCullum,11,2882.0,27.18867924528302,126.84859154929578,26.440366972477065,0.0,0.0,0.0,1,Power Hitters
BB Samantray,2,125.0,25.0,107.75862068965517,15.625,0.0,0.0,0.0,2,Finishers / All-Rounders
BB Sran,5,10.0,10.0,71.42857142857143,1.4285714285714286,20.0,8.918604651162791,0.8333333333333334,0,Finishers / All-Rounders
BCJ Cutting,5,238.0,21.636363636363637,163.013698630137,14.0,12.0,8.958333333333334,0.7058823529411765,2,Finishers / All-Rounders
BE Hendricks,2,1.0,1.0,33.333333333333336,0.5,11.0,9.13375796178344,1.5714285714285714,0,Finishers / All-Rounders
BJ Haddin,1,18.0,18.0,163.63636363636363,18.0,0.0,0.0,0.0,2,Finishers / All-Rounders
BJ Hodge,7,1400.0,30.434782608695652,121.42237640936686,22.22222222222222,18.0,7.815126050420169,0.9,1,Power Hitters
BJ Rohrer,1,193.0,27.571428571428573,132.1917808219178,24.125,0.0,10.285714285714285,0.0,2,Finishers / All-Rounders
BMAJ Mendis,1,23.0,7.666666666666667,85.18518518518519,7.666666666666667,1.0,7.2,0.5,0,Finishers / All-Rounders
BR Dunk,1,40.0,13.333333333333334,111.11111111111111,13.333333333333334,0.0,0.0,0.0,2,Finishers / All-Rounders
BR Sharath,1,2.0,2.0,40.0,2.0,0.0,0.0,0.0,0,Finishers / All-Rounders
BW Hilfenhaus,2,0.0,0.0,0.0,0.0,23.0,7.6461538461538465,1.3529411764705883,0,Finishers / All-Rounders
Basil Thampi,5,32.0,16.0,86.48648648648648,4.571428571428571,26.0,9.595547309833025,1.04,0,Finishers / All-Rounders
Bipul Sharma,7,187.0,31.166666666666668,150.80645161290323,11.0,22.0,7.9954128440366965,0.7857142857142857,2,Finishers / All-Rounders
C Ganapathy,1,0.0,0.0,0.0,0.0,0.0,13.0,0.0,0,Finishers / All-Rounders
C Green,2,707.0,35.35,149.78813559322035,25.25,20.0,8.766233766233766,0.6896551724137931,2,Finishers / All-Rounders
C Madan,1,15.0,15.0,71.42857142857143,15.0,0.0,0.0,0.0,2,Finishers / All-Rounders
C Munro,3,177.0,19.666666666666668,122.91666666666667,16.09090909090909,0.0,7.5,0.0,2,Finishers / All-Rounders
C Nanda,1,0.0,0.0,0.0,0.0,2.0,6.959999999999999,0.6666666666666666,0,Finishers / All-Rounders
C Sakariya,3,20.0,4.0,64.51612903225806,2.857142857142857,20.0,7.956521739130435,1.0526315789473684,0,Finishers / All-Rounders
C de Grandhomme,3,303.0,20.2,132.31441048034935,14.428571428571429,7.0,8.426086956521738,0.3684210526315789,2,Finishers / All-Rounders
CA Ingram,2,205.0,17.083333333333332,112.02185792349727,13.666666666666666,0.0,0.0,0.0,2,Finishers / All-Rounders
CA Lynn,7,1329.0,34.07692307692308,136.4476386036961,31.642857142857142,0.0,0.0,0.0,1,Power Hitters
CA Pujara,5,390.0,21.666666666666668,96.7741935483871,17.727272727272727,0.0,0.0,0.0,2,Finishers / All-Rounders
CH Gayle,12,4997.0,39.0390625,142.12172923777018,35.43971631205674,19.0,7.756849315068494,0.5,1,Power Hitters
CH Morris,7,618.0,21.310344827586206,149.636803874092,12.612244897959183,107.0,7.91893392559689,1.3209876543209877,3,Finishers / All-Rounders
CJ Anderson,4,538.0,24.454545454545453,123.39449541284404,18.551724137931036,14.0,10.0,0.6363636363636364,2,Finishers / All-Rounders
CJ Dala,1,0.0,0.0,0.0,0.0,0.0,10.736842105263158,0.0,0,Finishers / All-Rounders
CJ Ferguson,2,98.0,16.333333333333332,82.3529411764706,12.25,0.0,0.0,0.0,2,Finishers / All-Rounders
CJ Green,1,0.0,0.0,0.0,0.0,0.0,8.470588235294118,0.0,0,Finishers / All-Rounders
CJ Jordan,6,81.0,9.0,100.0,6.75,36.0,9.297071129707113,1.0588235294117647,3,Finishers / All-Rounders
CJ McKay,1,8.0,8.0,53.333333333333336,8.0,1.0,8.571428571428571,0.5,0,Finishers / All-Rounders
CK Kapugedera,1,16.0,5.333333333333333,66.66666666666667,5.333333333333333,0.0,17.294117647058822,0.0,0,Finishers / All-Rounders
CK Langeveldt,3,8.0,4.0,88.88888888888889,4.0,13.0,7.236363636363636,1.8571428571428572,0,Finishers / All-Rounders
CL White,5,971.0,27.742857142857144,125.45219638242894,21.57777777777778,1.0,11.217391304347826,0.16666666666666666,2,Finishers / All-Rounders
CM Gautam,3,169.0,18.77777777777778,106.9620253164557,13.0,0.0,0.0,0.0,2,Finishers / All-Rounders
CR Brathwaite,4,181.0,12.928571428571429,150.83333333333334,12.928571428571429,16.0,8.661654135338345,1.0,2,Finishers / All-Rounders
CR Woakes,3,78.0,15.6,101.2987012987013,6.5,31.0,8.734341252699783,1.4761904761904763,0,Finishers / All-Rounders
CRD Fernando,2,4.0,4.0,133.33333333333334,2.0,19.0,7.373493975903615,1.9,0,Finishers / All-Rounders
CV Varun,5,25.0,12.5,51.02040816326531,2.5,85.0,7.544334975369457,1.2142857142857142,3,Finishers / All-Rounders
D Brevis,2,230.0,23.0,130.6818181818182,23.0,1.0,16.0,1.0,2,Finishers / All-Rounders
D Ferreira,1,8.0,4.0,72.72727272727273,4.0,0.0,0.0,0.0,2,Finishers / All-Rounders
D Jansen,1,0.0,0.0,0.0,0.0,1.0,11.357142857142856,1.0,0,Finishers / All-Rounders
D Kalyankrishna,1,3.0,3.0,37.5,3.0,2.0,10.559999999999999,0.6666666666666666,0,Finishers / All-Rounders
D Padikkal,4,1559.0,24.746031746031747,117.83824640967498,24.359375,0.0,0.0,0.0,2,Finishers / All-Rounders
D Pretorius,2,44.0,11.0,157.14285714285714,8.8,7.0,8.74698795180723,1.0,2,Finishers / All-Rounders
D Salunkhe,1,33.0,33.0,137.5,11.0,1.0,9.411764705882353,0.2,2,Finishers / All-Rounders
D Wiese,3,148.0,24.666666666666668,140.95238095238096,13.454545454545455,17.0,8.736156351791532,1.1333333333333333,2,Finishers / All-Rounders
D du Preez,1,10.0,10.0,76.92307692307692,10.0,4.0,7.813953488372093,2.0,0,Finishers / All-Rounders
DA Miller,12,2924.0,34.80952380952381,134.68447719944726,23.772357723577237,0.0,0.0,0.0,1,Power Hitters
DA Warner,14,6567.0,40.042682926829265,135.4299855640338,35.69021739130435,0.0,6.0,0.0,1,Power Hitters
DAJ Bracewell,1,12.0,12.0,133.33333333333334,12.0,3.0,7.68,3.0,0,Finishers / All-Rounders
DB Das,3,304.0,25.333333333333332,113.85767790262172,13.818181818181818,0.0,0.0,0.0,2,Finishers / All-Rounders
DB Ravi Teja,5,375.0,18.75,115.38461538461539,15.0,1.0,9.333333333333334,0.5,2,Finishers / All-Rounders
DE Bollinger,3,21.0,21.0,91.30434782608695,5.25,43.0,7.16,1.5925925925925926,3,Finishers / All-Rounders
DG Nalkande,3,12.0,6.0,100.0,6.0,6.0,10.112359550561797,1.0,0,Finishers / All-Rounders
DH Yagnik,4,170.0,18.88888888888889,119.71830985915493,10.0,0.0,0.0,0.0,2,Finishers / All-Rounders
DJ Bravo,13,1560.0,22.608695652173914,125.10024057738572,14.181818181818182,207.0,8.075242718446601,1.3101265822784811,3,Finishers / All-Rounders
DJ Harris,1,111.0,37.0,107.76699029126213,27.75,0.0,8.666666666666666,0.0,2,Finishers / All-Rounders
DJ Hooda,9,1466.0,19.038961038961038,125.2991452991453,15.270833333333334,10.0,8.359375,0.30303030303030304,1,Power Hitters
DJ Hussey,7,1322.0,26.979591836734695,120.07266121707539,21.672131147540984,10.0,9.009287925696594,0.38461538461538464,1,Power Hitters
DJ Jacobs,2,92.0,13.142857142857142,91.08910891089108,13.142857142857142,0.0,0.0,0.0,2,Finishers / All-Rounders
DJ Malan,1,26.0,26.0,100.0,26.0,0.0,0.0,0.0,2,Finishers / All-Rounders
DJ Mitchell,2,351.0,27.0,128.1021897810219,23.4,1.0,11.411764705882353,0.25,2,Finishers / All-Rounders
DJ Muthuswami,1,1.0,1.0,33.333333333333336,1.0,4.0,7.714285714285714,0.6666666666666666,0,Finishers / All-Rounders
DJ Thornely,1,39.0,13.0,72.22222222222223,9.75,3.0,5.454545454545455,0.75,0,Finishers / All-Rounders
DJ Willey,3,53.0,17.666666666666668,82.8125,10.6,7.0,7.520361990950226,0.6363636363636364,2,Finishers / All-Rounders
DJG Sammy,3,295.0,19.666666666666668,117.52988047808765,14.75,14.0,8.704918032786885,0.7368421052631579,2,Finishers / All-Rounders
DJM Short,1,115.0,16.428571428571427,112.74509803921569,16.428571428571427,1.0,7.666666666666667,0.5,2,Finishers / All-Rounders
DL Chahar,7,80.0,11.428571428571429,131.14754098360655,6.666666666666667,79.0,7.707903780068729,0.9753086419753086,3,Finishers / All-Rounders
DL Vettori,5,121.0,17.285714285714285,102.54237288135593,7.5625,34.0,6.83312101910828,1.0,3,Finishers / All-Rounders
DM Bravo,1,6.0,6.0,120.0,6.0,0.0,0.0,0.0,2,Finishers / All-Rounders
DNT Zoysa,1,11.0,11.0,122.22222222222223,5.5,2.0,8.695652173913043,0.6666666666666666,0,Finishers / All-Rounders
DP Conway,2,924.0,46.2,138.11659192825113,42.0,0.0,0.0,0.0,1,Power Hitters
DP Nannes,4,4.0,4.0,30.76923076923077,2.0,38.0,7.097242380261249,1.3103448275862069,0,Finishers / All-Rounders
DP Vijaykumar,1,1.0,1.0,100.0,1.0,4.0,7.735849056603773,0.4444444444444444,0,Finishers / All-Rounders
DPMD Jayawardene,6,1808.0,28.25,118.79106438896189,23.17948717948718,0.0,0.0,0.0,1,Power Hitters
DR Martyn,1,19.0,9.5,73.07692307692308,19.0,0.0,0.0,0.0,2,Finishers / All-Rounders
DR Sams,2,44.0,4.4,91.66666666666667,3.3846153846153846,15.0,8.143958868894602,0.9375,0,Finishers / All-Rounders
DR Shorey,2,13.0,6.5,65.0,6.5,0.0,0.0,0.0,2,Finishers / All-Rounders
DR Smith,9,2385.0,29.444444444444443,132.27953410981698,27.102272727272727,27.0,8.88689407540395,0.5869565217391305,1,Power Hitters
DS Kulkarni,13,104.0,11.555555555555555,92.03539823008849,5.2,91.0,8.03731343283582,0.9891304347826086,3,Finishers / All-Rounders
DS Lehmann,1,18.0,9.0,94.73684210526316,9.0,0.0,0.0,0.0,2,Finishers / All-Rounders
DT Christian,6,460.0,16.428571428571427,112.74509803921569,11.21951219512195,40.0,7.926247288503254,0.8163265306122449,3,Finishers / All-Rounders
DT Patil,1,13.0,13.0,100.0,6.5,0.0,0.0,0.0,2,Finishers / All-Rounders
DW Steyn,11,167.0,7.590909090909091,102.45398773006134,5.0606060606060606,105.0,6.791411042944786,1.105263157894737,3,Finishers / All-Rounders
Dhruv Jurel,2,347.0,26.692307692307693,146.41350210970464,15.772727272727273,0.0,0.0,0.0,2,Finishers / All-Rounders
E Lewis,4,654.0,27.25,131.06212424849699,25.153846153846153,0.0,0.0,0.0,2,Finishers / All-Rounders
EJG Morgan,7,1406.0,23.049180327868854,119.05165114309906,19.0,0.0,0.0,0.0,2,Finishers / All-Rounders
ER Dwivedi,1,24.0,12.0,160.0,12.0,0.0,0.0,0.0,2,Finishers / All-Rounders
F Behardien,1,14.0,7.0,107.6923076923077,4.666666666666667,0.0,0.0,0.0,2,Finishers / All-Rounders
F du Plessis,11,4571.0,36.568,133.07132459970887,33.1231884057971,0.0,16.0,0.0,1,Power Hitters
FA Allen,2,14.0,7.0,73.6842105263158,4.666666666666667,2.0,8.967032967032967,0.5,0,Finishers / All-Rounders
FH Edwards,1,4.0,4.0,80.0,2.0,6.0,6.4,1.0,0,Finishers / All-Rounders
FY Fazal,2,183.0,20.333333333333332,102.23463687150839,16.636363636363637,1.0,10.0,0.5,2,Finishers / All-Rounders
Fazalhaq Farooqi,2,3.0,3.0,23.076923076923077,1.5,6.0,8.481481481481481,0.8571428571428571,0,Finishers / All-Rounders
G Coetzee,1,14.0,3.5,63.63636363636363,2.8,13.0,9.916666666666666,1.3,0,Finishers / All-Rounders
G Gambhir,11,4217.0,31.237037037037037,119.66515323496027,27.927152317880793,0.0,0.0,0.0,1,Power Hitters
GB Hogg,4,22.0,11.0,100.0,5.5,25.0,7.532188841201716,1.1904761904761905,0,Finishers / All-Rounders
GC Smith,4,739.0,24.633333333333333,106.94645441389291,25.482758620689655,0.0,0.0,0.0,2,Finishers / All-Rounders
GC Viljoen,1,3.0,1.5,42.857142857142854,1.0,8.0,9.41095890410959,1.3333333333333333,0,Finishers / All-Rounders
GD McGrath,1,4.0,4.0,80.0,2.0,14.0,6.674772036474164,1.0,0,Finishers / All-Rounders
GD Phillips,2,65.0,9.285714285714286,118.18181818181819,8.125,2.0,7.741935483870967,0.5,2,Finishers / All-Rounders
GH Vihari,3,284.0,14.2,85.80060422960725,12.347826086956522,1.0,6.697674418604651,0.16666666666666666,2,Finishers / All-Rounders
GHS Garton,1,2.0,2.0,50.0,1.0,3.0,8.412371134020617,0.6,0,Finishers / All-Rounders
GJ Bailey,5,663.0,22.862068965517242,120.1086956521739,18.416666666666668,0.0,0.0,0.0,2,Finishers / All-Rounders
GJ Maxwell,11,2772.0,24.972972972972972,150.4885993485342,21.65625,41.0,8.151295336787564,0.5189873417721519,1,Power Hitters
GR Napier,1,15.0,15.0,93.75,15.0,1.0,7.0,1.0,2,Finishers / All-Rounders
GS Sandhu,1,0.0,0.0,0.0,0.0,1.0,10.75,0.5,0,Finishers / All-Rounders
Gagandeep Singh,1,0.0,0.0,0.0,0.0,3.0,10.142857142857142,0.75,0,Finishers / All-Rounders
Gulbadin Naib,1,19.0,19.0,126.66666666666667,19.0,0.0,12.0,0.0,2,Finishers / All-Rounders
Gurkeerat Singh,6,511.0,18.925925925925927,117.20183486238533,15.96875,5.0,7.097560975609756,0.8333333333333334,2,Finishers / All-Rounders
Gurnoor Brar,1,0.0,0.0,0.0,0.0,0.0,12.0,0.0,0,Finishers / All-Rounders
H Das,1,2.0,2.0,40.0,2.0,0.0,0.0,0.0,0,Finishers / All-Rounders
H Klaasen,4,993.0,38.19230769230769,161.99021207177813,31.03125,0.0,0.0,0.0,2,Finishers / All-Rounders
H Sharma,2,0.0,0.0,0.0,0.0,0.0,12.4,0.0,0,Finishers / All-Rounders
HC Brook,1,190.0,21.11111111111111,119.49685534591195,17.272727272727273,0.0,0.0,0.0,2,Finishers / All-Rounders
HE van der Dussen,1,22.0,11.0,88.0,7.333333333333333,0.0,0.0,0.0,2,Finishers / All-Rounders
HF Gurney,1,1.0,1.0,20.0,1.0,7.0,8.485207100591715,0.875,0,Finishers / All-Rounders
HH Gibbs,4,886.0,27.6875,105.8542413381123,24.61111111111111,0.0,0.0,0.0,2,Finishers / All-Rounders
HH Pandya,9,2534.0,28.471910112359552,139.69128996692393,19.796875,70.0,8.872727272727273,0.7526881720430108,1,Power Hitters
HM Amla,2,577.0,44.38461538461539,138.03827751196172,36.0625,0.0,0.0,0.0,2,Finishers / All-Rounders
HR Shokeen,2,66.0,22.0,98.50746268656717,13.2,5.0,9.014084507042254,0.38461538461538464,2,Finishers / All-Rounders
HV Patel,11,249.0,9.576923076923077,116.35514018691589,6.72972972972973,151.0,8.44570928196147,1.4660194174757282,3,Finishers / All-Rounders
Harbhajan Singh,13,833.0,14.875,130.9748427672956,9.465909090909092,161.0,7.0383295194508015,1.00625,3,Finishers / All-Rounders
Harmeet Singh,5,18.0,9.0,150.0,4.5,31.0,7.808362369337979,1.1071428571428572,3,Finishers / All-Rounders
Harpreet Brar,5,233.0,19.416666666666668,115.92039800995025,9.708333333333334,25.0,7.864161849710983,0.6410256410256411,2,Finishers / All-Rounders
Harpreet Singh,4,123.0,20.5,103.36134453781513,15.375,0.0,0.0,0.0,2,Finishers / All-Rounders
Harshit Rana,3,2.0,1.0,66.66666666666667,0.6666666666666666,27.0,8.784119106699752,1.4210526315789473,0,Finishers / All-Rounders
I Malhotra,1,7.0,7.0,175.0,7.0,0.0,23.0,0.0,0,Finishers / All-Rounders
I Sharma,13,57.0,8.142857142857142,80.28169014084507,2.7142857142857144,96.0,8.04034582132565,0.8727272727272727,3,Finishers / All-Rounders
I Udana,1,15.0,5.0,136.36363636363637,3.75,8.0,9.428571428571429,0.8,0,Finishers / All-Rounders
IC Pandey,3,0.0,0.0,0.0,0.0,19.0,7.791044776119403,0.7916666666666666,0,Finishers / All-Rounders
IC Porel,1,0.0,0.0,0.0,0.0,1.0,9.692307692307693,1.0,0,Finishers / All-Rounders
IK Pathan,9,1150.0,21.69811320754717,116.751269035533,14.024390243902438,99.0,7.698059630856601,0.9801980198019802,3,Finishers / All-Rounders
IR Jaggi,3,76.0,15.2,76.0,10.857142857142858,0.0,0.0,0.0,2,Finishers / All-Rounders
IS Sodhi,2,7.0,3.5,38.888888888888886,3.5,9.0,6.725274725274725,1.125,0,Finishers / All-Rounders
Imran Tahir,7,33.0,8.25,89.1891891891892,4.125,86.0,7.741791044776119,1.4576271186440677,3,Finishers / All-Rounders
Iqbal Abdulla,9,88.0,88.0,102.32558139534883,6.769230769230769,45.0,7.158006362672323,0.9375,1,Power Hitters
Ishan Kishan,8,2644.0,29.054945054945055,132.79758915118032,26.707070707070706,0.0,0.0,0.0,1,Power Hitters
J Arunkumar,1,23.0,7.666666666666667,95.83333333333333,7.666666666666667,0.0,0.0,0.0,2,Finishers / All-Rounders
J Botha,5,409.0,18.59090909090909,112.36263736263736,14.607142857142858,27.0,6.922425952045134,0.7941176470588235,2,Finishers / All-Rounders
J Fraser-McGurk,1,330.0,41.25,220.0,36.666666666666664,0.0,0.0,0.0,2,Finishers / All-Rounders
J Little,2,0.0,0.0,0.0,0.0,13.0,8.669491525423728,1.1818181818181819,0,Finishers / All-Rounders
J Suchith,5,70.0,17.5,112.90322580645162,7.777777777777778,20.0,8.350230414746544,0.9523809523809523,2,Finishers / All-Rounders
J Syed Mohammad,3,29.0,14.5,107.4074074074074,5.8,10.0,8.755102040816327,0.9090909090909091,0,Finishers / All-Rounders
J Theron,3,10.0,5.0,76.92307692307692,2.5,13.0,7.940425531914894,1.3,0,Finishers / All-Rounders
J Yadav,6,40.0,20.0,105.26315789473684,10.0,9.0,6.738693467336684,0.45,2,Finishers / All-Rounders
JA Morkel,9,975.0,24.375,136.93820224719101,14.552238805970148,96.0,7.998893193137797,1.103448275862069,3,Finishers / All-Rounders
JA Richardson,2,17.0,5.666666666666667,62.96296296296296,5.666666666666667,3.0,10.340425531914894,0.75,0,Finishers / All-Rounders
JC Archer,4,199.0,15.307692307692308,150.75757575757575,8.652173913043478,49.0,7.355623100303951,1.225,3,Finishers / All-Rounders
JC Buttler,8,3583.0,37.322916666666664,142.23898372369987,33.801886792452834,0.0,0.0,0.0,1,Power Hitters
JD Ryder,3,604.0,20.82758620689655,129.6137339055794,20.82758620689655,11.0,7.817427385892117,0.6875,2,Finishers / All-Rounders
JD Unadkat,14,197.0,14.071428571428571,115.88235294117646,7.296296296296297,109.0,8.803099361896079,1.0480769230769231,3,Finishers / All-Rounders
JDP Oram,4,106.0,13.25,96.36363636363636,9.636363636363637,13.0,8.901639344262296,0.9285714285714286,0,Finishers / All-Rounders
JDS Neesham,3,92.0,11.5,98.9247311827957,9.2,8.0,9.243243243243244,0.6153846153846154,0,Finishers / All-Rounders
JE Root,1,10.0,10.0,66.66666666666667,10.0,0.0,7.5,0.0,2,Finishers / All-Rounders
JE Taylor,1,3.0,3.0,75.0,1.5,6.0,8.213114754098362,1.2,0,Finishers / All-Rounders
JEC Franklin,2,327.0,29.727272727272727,105.8252427184466,20.4375,9.0,8.70967741935484,0.6,2,Finishers / All-Rounders
JH Kallis,7,2427.0,27.269662921348313,105.93627237014404,25.54736842105263,74.0,7.8310172317954425,0.8314606741573034,1,Power Hitters
JJ Bumrah,10,68.0,8.5,85.0,2.6153846153846154,182.0,7.233908948194662,1.368421052631579,3,Finishers / All-Rounders
JJ Roy,4,614.0,32.31578947368421,133.47826086956522,29.238095238095237,0.0,0.0,0.0,2,Finishers / All-Rounders
JJ van der Wath,1,18.0,9.0,105.88235294117646,6.0,3.0,10.578947368421053,1.0,0,Finishers / All-Rounders
JL Denly,1,0.0,0.0,0.0,0.0,0.0,0.0,0.0,0,Finishers / All-Rounders
JL Pattinson,1,15.0,15.0,115.38461538461539,7.5,11.0,8.675675675675675,1.1,0,Finishers / All-Rounders
JM Bairstow,4,1589.0,33.104166666666664,140.37102473498234,31.78,0.0,0.0,0.0,1,Power Hitters
JM Kemp,1,26.0,13.0,104.0,13.0,3.0,7.404255319148937,0.6,2,Finishers / All-Rounders
JM Sharma,3,730.0,22.8125,145.70858283433134,20.27777777777778,0.0,0.0,0.0,2,Finishers / All-Rounders
JO Holder,6,259.0,12.333333333333334,119.35483870967742,9.592592592592593,59.0,8.516682554814109,1.2826086956521738,3,Finishers / All-Rounders
JP Behrendorff,2,6.0,6.0,66.66666666666667,3.0,22.0,8.91292875989446,1.2941176470588236,0,Finishers / All-Rounders
JP Duminy,8,2029.0,41.40816326530612,120.77380952380952,27.053333333333335,23.0,7.249643366619116,0.46938775510204084,1,Power Hitters
JP Faulkner,7,527.0,18.821428571428573,129.80295566502463,11.71111111111111,76.0,8.62004662004662,1.2666666666666666,3,Finishers / All-Rounders
JPR Scantlebury-Searles,1,8.0,8.0,133.33333333333334,4.0,2.0,11.866666666666667,0.6666666666666666,0,Finishers / All-Rounders
JR Hazlewood,3,19.0,19.0,65.51724137931035,3.1666666666666665,36.0,8.006430868167202,1.3333333333333333,0,Finishers / All-Rounders
JR Hopes,2,417.0,24.529411764705884,132.80254777070064,21.94736842105263,14.0,9.138211382113822,0.7,2,Finishers / All-Rounders
JR Philippe,1,78.0,19.5,97.5,15.6,0.0,0.0,0.0,2,Finishers / All-Rounders
JW Hastings,2,0.0,0.0,0.0,0.0,3.0,6.491803278688525,1.0,0,Finishers / All-Rounders
Jalaj S Saxena,1,0.0,0.0,0.0,0.0,0.0,9.0,0.0,0,Finishers / All-Rounders
Jaskaran Singh,2,8.0,4.0,72.72727272727273,2.0,6.0,9.405405405405405,0.8571428571428571,0,Finishers / All-Rounders
Joginder Sharma,4,36.0,9.0,120.0,7.2,13.0,9.286764705882353,0.8666666666666667,0,Finishers / All-Rounders
K Goel,3,218.0,15.571428571428571,91.2133891213389,13.625,0.0,8.417910447761194,0.0,2,Finishers / All-Rounders
K Gowtham,6,247.0,13.722222222222221,155.34591194968553,9.148148148148149,22.0,8.263772954924875,0.6285714285714286,2,Finishers / All-Rounders
K Kartikeya,2,9.0,4.5,69.23076923076923,4.5,10.0,8.315352697095436,0.8333333333333334,0,Finishers / All-Rounders
K Khejroliya,3,0.0,0.0,0.0,0.0,5.0,10.279069767441861,0.7142857142857143,0,Finishers / All-Rounders
K Rabada,6,206.0,12.875,99.51690821256038,7.357142857142857,126.0,8.34399580492921,1.575,3,Finishers / All-Rounders
K Santokie,1,0.0,0.0,0.0,0.0,3.0,10.705882352941176,1.5,0,Finishers / All-Rounders
K Upadhyay,2,12.0,12.0,133.33333333333334,6.0,0.0,8.678571428571429,0.0,2,Finishers / All-Rounders
K Yadav,2,0.0,0.0,0.0,0.0,2.0,9.444444444444445,0.6666666666666666,0,Finishers / All-Rounders
KA Jamieson,1,65.0,21.666666666666668,118.18181818181819,9.285714285714286,9.0,9.083798882681565,1.0,2,Finishers / All-Rounders
KA Maharaj,1,1.0,1.0,50.0,1.0,2.0,6.5,1.0,0,Finishers / All-Rounders
KA Pollard,12,3437.0,26.643410852713178,140.45770331017573,20.458333333333332,81.0,8.32282471626734,0.7570093457943925,1,Power Hitters
KAJ Roach,1,10.0,10.0,111.11111111111111,10.0,0.0,9.230769230769232,0.0,2,Finishers / All-Rounders
KB Arun Karthik,3,51.0,10.2,96.22641509433963,6.375,0.0,0.0,0.0,2,Finishers / All-Rounders
KC Cariappa,4,24.0,8.0,114.28571428571429,4.8,8.0,9.348214285714285,0.7272727272727273,0,Finishers / All-Rounders
KC Sangakkara,6,1687.0,24.44927536231884,118.46910112359551,24.808823529411764,0.0,0.0,0.0,1,Power Hitters
KD Karthik,16,4843.0,25.624338624338623,131.35340385136968,20.78540772532189,0.0,0.0,0.0,1,Power Hitters
KH Pandya,8,1647.0,22.256756756756758,127.97202797202797,15.392523364485982,80.0,7.267063673843335,0.6837606837606838,3,Finishers / All-Rounders
KJ Abbott,1,13.0,13.0,162.5,4.333333333333333,2.0,10.705882352941176,0.4,2,Finishers / All-Rounders
KK Ahmed,6,1.0,0.2,14.285714285714286,0.2,78.0,8.556133828996282,1.368421052631579,3,Finishers / All-Rounders
KK Cooper,3,116.0,12.88888888888889,165.71428571428572,9.666666666666666,36.0,7.89,1.44,3,Finishers / All-Rounders
KK Nair,9,1496.0,23.015384615384615,125.50335570469798,22.0,0.0,0.0,0.0,1,Power Hitters
KL Nagarkoti,2,22.0,5.5,64.70588235294117,3.142857142857143,5.0,9.308108108108108,0.45454545454545453,0,Finishers / All-Rounders
KL Rahul,10,4689.0,44.235849056603776,131.0508664058133,38.4344262295082,0.0,0.0,0.0,1,Power Hitters
KM Asif,3,0.0,0.0,0.0,0.0,7.0,9.734265734265735,1.0,0,Finishers / All-Rounders
KM Jadhav,11,1208.0,22.37037037037037,119.36758893280633,14.91358024691358,0.0,0.0,0.0,1,Power Hitters
KMA Paul,1,18.0,4.5,69.23076923076923,3.6,10.0,7.966666666666667,1.25,0,Finishers / All-Rounders
KMDN Kulasekara,2,5.0,5.0,166.66666666666666,5.0,6.0,6.841121495327103,1.2,0,Finishers / All-Rounders
KP Appanna,3,2.0,2.0,50.0,0.6666666666666666,11.0,7.864864864864865,0.8461538461538461,0,Finishers / All-Rounders
KP Pietersen,5,1001.0,34.51724137931034,132.0580474934037,27.805555555555557,9.0,7.266666666666667,0.6923076923076923,2,Finishers / All-Rounders
KR Mayers,1,379.0,29.153846153846153,137.31884057971016,29.153846153846153,0.0,7.695652173913043,0.0,2,Finishers / All-Rounders
KR Sen,3,0.0,0.0,0.0,0.0,14.0,9.31764705882353,1.1666666666666667,0,Finishers / All-Rounders
KS Bharat,2,199.0,28.428571428571427,118.45238095238095,24.875,0.0,0.0,0.0,2,Finishers / All-Rounders
KS Sharma,2,16.0,5.333333333333333,64.0,5.333333333333333,0.0,0.0,0.0,2,Finishers / All-Rounders
KS Williamson,8,2132.0,36.13559322033898,122.95271049596309,28.05263157894737,0.0,10.333333333333334,0.0,1,Power Hitters
KT Maphaka,1,0.0,0.0,0.0,0.0,1.0,13.846153846153847,0.5,0,Finishers / All-Rounders
KV Sharma,11,351.0,14.04,114.70588235294117,9.0,82.0,8.407894736842104,1.0,3,Finishers / All-Rounders
KW Richardson,4,36.0,12.0,92.3076923076923,9.0,21.0,8.330434782608696,1.4,0,Finishers / All-Rounders
Kamran Akmal,1,128.0,32.0,164.10256410256412,21.333333333333332,0.0,0.0,0.0,2,Finishers / All-Rounders
Kamran Khan,3,3.0,3.0,60.0,3.0,14.0,8.40677966101695,1.5555555555555556,0,Finishers / All-Rounders
Karanveer Singh,2,12.0,12.0,70.58823529411765,3.0,14.0,9.098591549295774,1.5555555555555556,0,Finishers / All-Rounders
Kartik Tyagi,4,13.0,3.25,81.25,2.1666666666666665,16.0,9.43231441048035,0.8,0,Finishers / All-Rounders
Kuldeep Yadav,8,183.0,18.3,81.69642857142857,5.71875,90.0,8.106382978723405,1.0975609756097562,3,Finishers / All-Rounders
Kumar Kushagra,1,3.0,1.0,42.857142857142854,1.0,0.0,0.0,0.0,0,Finishers / All-Rounders
L Ablish,2,0.0,0.0,0.0,0.0,5.0,10.133333333333333,1.6666666666666667,0,Finishers / All-Rounders
L Balaji,7,36.0,5.142857142857143,72.0,2.769230769230769,85.0,7.940279542566709,1.1643835616438356,3,Finishers / All-Rounders
L Ngidi,2,0.0,0.0,0.0,0.0,28.0,8.070175438596491,2.0,0,Finishers / All-Rounders
L Ronchi,2,34.0,11.333333333333334,91.89189189189189,6.8,0.0,0.0,0.0,2,Finishers / All-Rounders
L Wood,1,9.0,9.0,300.0,9.0,1.0,14.842105263157896,0.5,2,Finishers / All-Rounders
LA Carseldine,1,81.0,27.0,114.08450704225352,16.2,1.0,5.142857142857142,1.0,2,Finishers / All-Rounders
LA Pomersbach,4,302.0,27.454545454545453,120.3187250996016,18.875,0.0,0.0,0.0,2,Finishers / All-Rounders
LB Williams,1,1.0,1.0,50.0,1.0,1.0,10.571428571428571,0.5,0,Finishers / All-Rounders
LE Plunkett,1,1.0,1.0,33.333333333333336,0.5,4.0,8.883116883116882,0.5714285714285714,0,Finishers / All-Rounders
LH Ferguson,6,68.0,17.0,141.66666666666666,9.714285714285714,57.0,8.688622754491018,1.2666666666666666,3,Finishers / All-Rounders
LI Meriwala,1,0.0,0.0,0.0,0.0,1.0,10.105263157894738,1.0,0,Finishers / All-Rounders
LJ Wright,2,106.0,26.5,168.25396825396825,21.2,2.0,10.0,0.3333333333333333,2,Finishers / All-Rounders
LMP Simmons,4,1079.0,39.96296296296296,122.89293849658314,37.206896551724135,1.0,11.333333333333334,1.0,1,Power Hitters
LPC Silva,1,40.0,20.0,148.14814814814815,13.333333333333334,0.0,21.0,0.0,2,Finishers / All-Rounders
LR Shukla,7,405.0,13.96551724137931,113.12849162011173,12.272727272727273,17.0,8.429447852760736,0.6296296296296297,2,Finishers / All-Rounders
LRPL Taylor,7,1017.0,24.804878048780488,120.07083825265643,18.833333333333332,0.0,11.076923076923078,0.0,2,Finishers / All-Rounders
LS Livingstone,5,939.0,28.454545454545453,154.1871921182266,24.076923076923077,11.0,8.876404494382022,0.5,2,Finishers / All-Rounders
Lalit Yadav,4,305.0,20.333333333333332,101.32890365448505,14.523809523809524,11.0,8.775510204081632,0.5789473684210527,2,Finishers / All-Rounders
Liton Das,1,4.0,4.0,100.0,4.0,0.0,0.0,0.0,2,Finishers / All-Rounders
M Ashwin,6,35.0,4.375,70.0,2.9166666666666665,35.0,7.8975501113585755,0.7954545454545454,0,Finishers / All-Rounders
M Jansen,4,66.0,8.25,92.95774647887323,5.5,22.0,9.018480492813142,1.0476190476190477,0,Finishers / All-Rounders
M Kaif,4,259.0,16.1875,100.3875968992248,11.772727272727273,0.0,0.0,0.0,2,Finishers / All-Rounders
M Kartik,7,113.0,16.142857142857142,103.6697247706422,8.071428571428571,39.0,7.197969543147208,0.7090909090909091,3,Finishers / All-Rounders
M Klinger,1,73.0,18.25,93.58974358974359,18.25,0.0,0.0,0.0,2,Finishers / All-Rounders
M Manhas,6,514.0,21.416666666666668,105.76131687242798,13.526315789473685,0.0,6.0,0.0,2,Finishers / All-Rounders
M Markande,6,48.0,16.0,109.0909090909091,4.8,37.0,8.800542740841248,1.0,3,Finishers / All-Rounders
M Morkel,8,126.0,11.454545454545455,135.48387096774192,6.3,88.0,7.543260741612713,1.2571428571428571,3,Finishers / All-Rounders
M Muralitharan,7,20.0,3.3333333333333335,66.66666666666667,2.2222222222222223,67.0,6.698292220113852,1.0151515151515151,3,Finishers / All-Rounders
M Ntini,1,11.0,11.0,57.89473684210526,5.5,8.0,7.23943661971831,0.8888888888888888,0,Finishers / All-Rounders
M Pathirana,3,0.0,0.0,0.0,0.0,38.0,7.359840954274354,1.9,0,Finishers / All-Rounders
M Prasidh Krishna,4,9.0,4.5,37.5,1.2857142857142858,54.0,8.48578391551584,1.0588235294117647,0,Finishers / All-Rounders
M Rawat,3,55.0,11.0,78.57142857142857,5.0,0.0,0.0,0.0,2,Finishers / All-Rounders
M Shahrukh Khan,4,553.0,22.12,133.89830508474577,14.945945945945946,0.0,8.0,0.0,2,Finishers / All-Rounders
M Siddharth,1,0.0,0.0,0.0,0.0,1.0,7.448275862068966,0.3333333333333333,0,Finishers / All-Rounders
M Theekshana,3,7.0,7.0,100.0,3.5,25.0,7.740095087163232,0.9259259259259259,0,Finishers / All-Rounders
M Vijay,11,2619.0,27.0,118.61413043478261,24.942857142857143,0.0,7.945945945945946,0.0,1,Power Hitters
M Vohra,9,1083.0,22.5625,125.49246813441484,21.235294117647058,0.0,0.0,0.0,2,Finishers / All-Rounders
M de Lange,3,1.0,1.0,50.0,1.0,6.0,8.844827586206897,1.2,0,Finishers / All-Rounders
MA Agarwal,13,2669.0,23.00862068965517,128.25564632388276,22.05785123966942,0.0,0.0,0.0,1,Power Hitters
MA Khote,1,24.0,12.0,109.0909090909091,8.0,2.0,10.4,1.0,0,Finishers / All-Rounders
MA Starc,3,105.0,13.125,96.3302752293578,6.5625,59.0,8.020477815699659,1.5128205128205128,3,Finishers / All-Rounders
MA Wood,2,12.0,6.0,120.0,4.0,11.0,9.070866141732283,2.2,0,Finishers / All-Rounders
MB Parmar,1,0.0,0.0,0.0,0.0,0.0,10.421052631578949,0.0,0,Finishers / All-Rounders
MC Henriques,8,1000.0,26.31578947368421,124.84394506866417,18.51851851851852,46.0,7.9795709908069465,0.7666666666666667,3,Finishers / All-Rounders
MC Juneja,1,125.0,17.857142857142858,93.28358208955224,17.857142857142858,0.0,0.0,0.0,2,Finishers / All-Rounders
MD Mishra,3,237.0,15.8,111.26760563380282,13.941176470588236,0.0,0.0,0.0,2,Finishers / All-Rounders
MD Shanaka,1,26.0,13.0,100.0,8.666666666666666,0.0,0.0,0.0,2,Finishers / All-Rounders
MDKJ Perera,1,14.0,7.0,107.6923076923077,7.0,0.0,0.0,0.0,2,Finishers / All-Rounders
MEK Hussey,7,1977.0,38.01923076923077,119.9635922330097,34.08620689655172,0.0,0.0,0.0,1,Power Hitters
MF Maharoof,3,177.0,17.7,142.74193548387098,12.642857142857142,33.0,7.238095238095238,1.65,3,Finishers / All-Rounders
MG Bracewell,1,58.0,29.0,118.36734693877551,14.5,6.0,8.636363636363637,1.2,2,Finishers / All-Rounders
MG Johnson,6,167.0,11.928571428571429,99.4047619047619,5.964285714285714,66.0,8.024596464258263,1.2222222222222223,3,Finishers / All-Rounders
MG Neser,1,0.0,0.0,0.0,0.0,0.0,14.879999999999999,0.0,0,Finishers / All-Rounders
MJ Clarke,1,98.0,16.333333333333332,102.08333333333333,16.333333333333332,3.0,6.545454545454546,0.6,2,Finishers / All-Rounders
MJ Guptill,3,271.0,22.583333333333332,137.56345177664974,20.846153846153847,0.0,0.0,0.0,2,Finishers / All-Rounders
MJ Henry,2,0.0,0.0,0.0,0.0,3.0,10.457142857142857,0.5,0,Finishers / All-Rounders
MJ Lumb,2,278.0,27.8,140.40404040404042,23.166666666666668,0.0,0.0,0.0,2,Finishers / All-Rounders
MJ McClenaghan,5,85.0,7.7272727272727275,116.43835616438356,4.25,75.0,8.197622585438335,1.3392857142857142,3,Finishers / All-Rounders
MJ Santner,5,70.0,11.666666666666666,90.9090909090909,6.363636363636363,16.0,6.940540540540541,0.8888888888888888,0,Finishers / All-Rounders
MJ Suthar,1,1.0,1.0,50.0,1.0,0.0,13.0,0.0,0,Finishers / All-Rounders
MK Lomror,6,527.0,17.566666666666666,135.47557840616966,15.057142857142857,2.0,8.106382978723405,0.18181818181818182,2,Finishers / All-Rounders
MK Pandey,16,3859.0,29.015037593984964,117.3661800486618,24.424050632911392,0.0,0.0,0.0,1,Power Hitters
MK Tiwary,10,1695.0,27.78688524590164,113.83478844862324,20.42168674698795,1.0,11.066666666666666,0.16666666666666666,1,Power Hitters
ML Hayden,3,1107.0,39.535714285714285,131.94278903456495,34.59375,0.0,0.0,0.0,2,Finishers / All-Rounders
MM Ali,6,1162.0,23.714285714285715,136.86690223792698,20.385964912280702,40.0,7.012987012987012,0.7692307692307693,2,Finishers / All-Rounders
MM Patel,7,39.0,7.8,95.1219512195122,3.25,82.0,7.523878437047757,1.3015873015873016,3,Finishers / All-Rounders
MM Sharma,10,124.0,7.75,90.51094890510949,4.428571428571429,147.0,8.52166377816291,1.3243243243243243,3,Finishers / All-Rounders
MN Samuels,3,161.0,13.416666666666666,92.52873563218391,11.5,10.0,7.808219178082192,0.9090909090909091,0,Finishers / All-Rounders
MN van Wyk,1,167.0,55.666666666666664,123.70370370370371,33.4,0.0,0.0,0.0,2,Finishers / All-Rounders
MP Stoinis,8,1866.0,27.850746268656717,136.60322108345534,21.204545454545453,45.0,9.386281588447654,0.7258064516129032,1,Power Hitters
MP Yadav,1,0.0,0.0,0.0,0.0,8.0,6.947368421052632,2.0,0,Finishers / All-Rounders
MR Marsh,8,665.0,20.78125,125.0,18.47222222222222,37.0,8.1247892074199,1.088235294117647,3,Finishers / All-Rounders
MS Bisla,6,798.0,21.56756756756757,108.27679782903664,20.46153846153846,0.0,0.0,0.0,2,Finishers / All-Rounders
MS Dhoni,16,5243.0,35.18791946308725,132.8350646060299,22.99561403508772,0.0,0.0,0.0,1,Power Hitters
MS Gony,7,99.0,11.0,130.26315789473685,6.6,39.0,8.542702702702703,0.8863636363636364,3,Finishers / All-Rounders
MS Wade,3,183.0,14.076923076923077,98.91891891891892,13.071428571428571,0.0,0.0,0.0,2,Finishers / All-Rounders
MV Boucher,4,394.0,26.266666666666666,123.8993710691824,17.130434782608695,0.0,0.0,0.0,2,Finishers / All-Rounders
MW Short,1,117.0,19.5,118.18181818181819,19.5,0.0,6.0,0.0,2,Finishers / All-Rounders
Mandeep Singh,12,1706.0,20.070588235294117,120.31029619181946,17.587628865979383,0.0,13.0,0.0,1,Power Hitters
Mashrafe Mortaza,1,2.0,2.0,100.0,2.0,1.0,12.642857142857142,1.0,0,Finishers / All-Rounders
Mayank Dagar,2,0.0,0.0,0.0,0.0,2.0,8.91304347826087,0.25,0,Finishers / All-Rounders
Misbah-ul-Haq,1,117.0,13.0,142.6829268292683,14.625,0.0,0.0,0.0,2,Finishers / All-Rounders
Mohammad Ashraful,1,2.0,2.0,16.666666666666668,2.0,0.0,0.0,0.0,0,Finishers / All-Rounders
Mohammad Asif,1,3.0,1.5,50.0,1.5,9.0,9.256281407035177,1.125,0,Finishers / All-Rounders
Mohammad Hafeez,1,64.0,8.0,76.19047619047619,8.0,2.0,6.761904761904762,0.5,0,Finishers / All-Rounders
Mohammad Nabi,5,221.0,13.0,140.76433121019107,11.631578947368421,15.0,7.5465393794749405,0.6521739130434783,2,Finishers / All-Rounders
Mohammed Shami,9,74.0,5.6923076923076925,90.2439024390244,3.217391304347826,144.0,8.296707655692185,1.309090909090909,3,Finishers / All-Rounders
Mohammed Siraj,7,109.0,10.9,89.34426229508196,5.45,96.0,8.34406535319558,1.032258064516129,3,Finishers / All-Rounders
Mohit Rathee,1,1.0,1.0,50.0,1.0,0.0,14.5,0.0,0,Finishers / All-Rounders
Mohsin Khan,3,25.0,12.5,92.5925925925926,5.0,27.0,8.2603550295858,1.173913043478261,0,Finishers / All-Rounders
Monu Kumar,1,0.0,0.0,0.0,0.0,0.0,7.5,0.0,0,Finishers / All-Rounders
Mujeeb Ur Rahman,3,12.0,4.0,80.0,2.0,20.0,7.938053097345133,1.0526315789473684,0,Finishers / All-Rounders
Mukesh Choudhary,2,6.0,6.0,100.0,3.0,16.0,9.100671140939598,1.1428571428571428,0,Finishers / All-Rounders
Mukesh Kumar,2,10.0,10.0,50.0,2.0,31.0,10.1,1.55,0,Finishers / All-Rounders
Mustafizur Rahman,7,13.0,13.0,56.52173913043478,2.1666666666666665,70.0,7.946784922394679,1.2280701754385965,3,Finishers / All-Rounders
N Burger,1,0.0,0.0,0.0,0.0,7.0,8.685714285714285,1.4,0,Finishers / All-Rounders
N Jagadeesan,3,162.0,18.0,104.51612903225806,16.2,0.0,0.0,0.0,2,Finishers / All-Rounders
N Pooran,5,1769.0,31.589285714285715,154.7681539807524,24.569444444444443,0.0,0.0,0.0,1,Power Hitters
N Rana,8,2636.0,28.04255319148936,130.81885856079404,26.099009900990097,10.0,8.205405405405406,0.4166666666666667,1,Power Hitters
N Saini,1,140.0,12.727272727272727,97.9020979020979,14.0,0.0,0.0,0.0,2,Finishers / All-Rounders
N Thushara,1,0.0,0.0,0.0,0.0,8.0,9.034883720930232,1.1428571428571428,0,Finishers / All-Rounders
N Wadhera,2,350.0,23.333333333333332,134.09961685823754,21.875,0.0,6.5,0.0,2,Finishers / All-Rounders
NA Saini,1,0.0,0.0,0.0,0.0,0.0,14.0,0.0,0,Finishers / All-Rounders
NB Singh,1,0.0,0.0,0.0,0.0,1.0,4.319999999999999,0.5,0,Finishers / All-Rounders
ND Doshi,2,0.0,0.0,0.0,0.0,2.0,8.31578947368421,0.5,0,Finishers / All-Rounders
NJ Maddinson,2,20.0,6.666666666666667,95.23809523809524,6.666666666666667,0.0,0.0,0.0,2,Finishers / All-Rounders
NJ Rimmington,1,1.0,1.0,100.0,1.0,0.0,6.666666666666667,0.0,0,Finishers / All-Rounders
NK Patel,2,121.0,24.2,97.58064516129032,20.166666666666668,0.0,0.0,0.0,2,Finishers / All-Rounders
NL McCullum,1,26.0,8.666666666666666,113.04347826086956,13.0,0.0,7.0,0.0,2,Finishers / All-Rounders
NLTC Perera,6,424.0,17.666666666666668,130.06134969325154,14.133333333333333,37.0,8.651748251748252,1.0277777777777777,3,Finishers / All-Rounders
NM Coulter-Nile,7,82.0,8.2,109.33333333333333,5.125,52.0,7.567264573991032,1.368421052631579,3,Finishers / All-Rounders
NS Naik,3,31.0,7.75,58.490566037735846,7.75,0.0,0.0,0.0,2,Finishers / All-Rounders
NT Ellis,4,19.0,4.75,73.07692307692308,3.8,19.0,8.449315068493151,1.1875,0,Finishers / All-Rounders
NV Ojha,10,1554.0,21.0,114.26470588235294,16.53191489361702,0.0,0.0,0.0,1,Power Hitters
Naman Dhir,1,140.0,23.333333333333332,166.66666666666666,20.0,0.0,11.379310344827587,0.0,2,Finishers / All-Rounders
Navdeep Saini,4,33.0,8.25,86.84210526315789,4.714285714285714,26.0,8.516129032258064,0.8387096774193549,0,Finishers / All-Rounders
Naveen-ul-Haq,2,18.0,9.0,69.23076923076923,4.5,26.0,8.874692874692876,1.5294117647058822,0,Finishers / All-Rounders
Nithish Kumar Reddy,2,303.0,33.666666666666664,137.10407239819006,27.545454545454547,4.0,10.576271186440678,0.4444444444444444,2,Finishers / All-Rounders
Noor Ahmad,2,13.0,3.25,72.22222222222223,2.6,24.0,7.859649122807017,1.0434782608695652,0,Finishers / All-Rounders
O Thomas,1,0.0,0.0,0.0,0.0,5.0,8.095238095238095,1.25,0,Finishers / All-Rounders
OA Shah,4,506.0,38.92307692307692,124.93827160493827,23.0,0.0,0.0,0.0,2,Finishers / All-Rounders
OC McCoy,2,8.0,8.0,160.0,8.0,11.0,8.5,1.375,0,Finishers / All-Rounders
OF Smith,1,51.0,17.0,102.0,8.5,7.0,11.305263157894736,1.1666666666666667,0,Finishers / All-Rounders
P Amarnath,1,0.0,0.0,0.0,0.0,7.0,10.954545454545455,1.1666666666666667,0,Finishers / All-Rounders
P Awana,3,5.0,1.6666666666666667,35.714285714285715,1.0,43.0,8.108527131782946,1.303030303030303,0,Finishers / All-Rounders
P Chopra,1,8.0,8.0,133.33333333333334,8.0,0.0,0.0,0.0,2,Finishers / All-Rounders
P Dogra,3,127.0,10.583333333333334,90.0709219858156,10.583333333333334,0.0,0.0,0.0,2,Finishers / All-Rounders
P Dubey,2,23.0,23.0,69.6969696969697,11.5,1.0,8.149253731343284,0.25,2,Finishers / All-Rounders
P Kumar,10,340.0,10.0,105.26315789473684,5.964912280701754,102.0,7.604095563139932,0.8571428571428571,3,Finishers / All-Rounders
P Negi,8,365.0,14.038461538461538,121.2624584717608,10.428571428571429,38.0,7.80900409276944,0.9047619047619048,3,Finishers / All-Rounders
P Parameswaran,2,1.0,1.0,33.333333333333336,0.5,9.0,8.528301886792454,1.125,0,Finishers / All-Rounders
P Prasanth,1,0.0,0.0,0.0,0.0,0.0,18.0,0.0,0,Finishers / All-Rounders
P Ray Barman,1,19.0,19.0,76.0,19.0,0.0,14.0,0.0,2,Finishers / All-Rounders
P Sahu,1,19.0,19.0,146.15384615384616,9.5,3.0,8.52336448598131,0.6,2,Finishers / All-Rounders
P Simran Singh,5,756.0,21.6,143.1818181818182,22.235294117647058,0.0,0.0,0.0,2,Finishers / All-Rounders
P Suyal,3,0.0,0.0,0.0,0.0,2.0,8.63551401869159,0.4,0,Finishers / All-Rounders
PA Patel,12,2848.0,22.4251968503937,116.62571662571662,20.941176470588236,0.0,0.0,0.0,1,Power Hitters
PA Reddy,2,164.0,16.4,98.20359281437126,16.4,0.0,0.0,0.0,2,Finishers / All-Rounders
PBB Rajapaksa,2,277.0,23.083333333333332,137.81094527363183,21.307692307692307,0.0,0.0,0.0,2,Finishers / All-Rounders
PC Valthaty,4,505.0,22.954545454545453,116.89814814814815,21.956521739130434,7.0,8.117647058823529,0.7,2,Finishers / All-Rounders
PD Collingwood,1,203.0,50.75,127.67295597484276,29.0,5.0,6.733333333333333,0.8333333333333334,2,Finishers / All-Rounders
PD Salt,2,653.0,32.65,169.6103896103896,31.095238095238095,0.0,0.0,0.0,2,Finishers / All-Rounders
PH Solanki,1,0.0,0.0,0.0,0.0,2.0,6.5,1.0,0,Finishers / All-Rounders
PJ Cummins,6,515.0,17.75862068965517,143.4540389972145,13.205128205128204,66.0,8.654014598540146,1.1379310344827587,3,Finishers / All-Rounders
PJ Sangwan,9,26.0,3.25,55.319148936170215,1.8571428571428572,44.0,8.4,1.0476190476190477,3,Finishers / All-Rounders
PK Garg,3,273.0,14.368421052631579,110.52631578947368,14.368421052631579,0.0,0.0,0.0,2,Finishers / All-Rounders
PM Sarvesh Kumar,1,1.0,1.0,50.0,1.0,1.0,8.129032258064516,0.5,0,Finishers / All-Rounders
PN Mankad,2,97.0,32.333333333333336,129.33333333333334,19.4,0.0,0.0,0.0,2,Finishers / All-Rounders
PP Chawla,15,624.0,10.947368421052632,107.58620689655173,7.255813953488372,201.0,7.977920410783056,1.0523560209424083,3,Finishers / All-Rounders
PP Ojha,8,16.0,1.6,35.55555555555556,0.8421052631578947,99.0,7.40051413881748,1.1,3,Finishers / All-Rounders
PP Shaw,6,1892.0,24.571428571428573,143.22482967448903,23.949367088607595,0.0,0.0,0.0,1,Power Hitters
PR Shah,3,92.0,11.5,94.84536082474227,10.222222222222221,0.0,0.0,0.0,2,Finishers / All-Rounders
PSP Handscomb,1,6.0,6.0,50.0,6.0,0.0,0.0,0.0,2,Finishers / All-Rounders
PV Tambe,4,18.0,18.0,46.15384615384615,3.0,28.0,7.70919881305638,0.8484848484848485,0,Finishers / All-Rounders
PVD Chameera,2,43.0,14.333333333333334,134.375,6.142857142857143,11.0,8.929292929292929,0.8461538461538461,2,Finishers / All-Rounders
PWH de Silva,3,72.0,6.545454545454546,90.0,5.142857142857143,36.0,8.165170556552964,1.3846153846153846,0,Finishers / All-Rounders
Pankaj Singh,5,7.0,3.5,58.333333333333336,1.4,11.0,9.106109324758842,0.6470588235294118,0,Finishers / All-Rounders
Parvez Rasool,4,17.0,8.5,85.0,4.25,4.0,8.19,0.36363636363636365,0,Finishers / All-Rounders
Q de Kock,10,3160.0,31.287128712871286,131.12033195020746,29.53271028037383,0.0,0.0,0.0,1,Power Hitters
R Ashwin,14,800.0,13.559322033898304,114.61318051575931,8.98876404494382,198.0,6.969437914084206,0.9519230769230769,3,Finishers / All-Rounders
R Bhatia,10,342.0,11.793103448275861,117.93103448275862,7.276595744680851,82.0,7.437688139674895,0.9010989010989011,3,Finishers / All-Rounders
R Bishnoi,1,19.0,6.333333333333333,111.76470588235294,6.333333333333333,0.0,0.0,0.0,2,Finishers / All-Rounders
R Dhawan,7,210.0,21.0,111.70212765957447,9.545454545454545,27.0,7.982683982683983,0.75,3,Finishers / All-Rounders
R Dravid,6,2174.0,28.233766233766232,113.34723670490094,26.51219512195122,0.0,0.0,0.0,1,Power Hitters
R Goyal,1,0.0,0.0,0.0,0.0,0.0,8.5,0.0,0,Finishers / All-Rounders
R McLaren,3,159.0,19.875,89.32584269662921,12.23076923076923,14.0,9.0,0.7777777777777778,2,Finishers / All-Rounders
R Ninan,1,3.0,3.0,50.0,3.0,3.0,10.833333333333334,1.5,0,Finishers / All-Rounders
R Parag,5,1173.0,24.95744680851064,129.04290429042905,20.224137931034484,5.0,10.176795580110497,0.23809523809523808,2,Finishers / All-Rounders
R Powell,3,360.0,18.0,141.73228346456693,16.363636363636363,1.0,10.0,0.5,2,Finishers / All-Rounders
R Rampaul,2,51.0,10.2,98.07692307692308,7.285714285714286,17.0,6.884892086330935,1.4166666666666667,0,Finishers / All-Rounders
R Ravindra,1,222.0,24.666666666666668,152.05479452054794,22.2,0.0,3.5,0.0,2,Finishers / All-Rounders
R Sai Kishore,2,13.0,13.0,216.66666666666666,13.0,13.0,8.136125654450263,1.3,2,Finishers / All-Rounders
R Sanjay Yadav,1,0.0,0.0,0.0,0.0,0.0,9.857142857142856,0.0,0,Finishers / All-Rounders
R Sathish,4,270.0,16.875,114.40677966101696,11.25,6.0,9.708333333333334,0.42857142857142855,2,Finishers / All-Rounders
R Sharma,5,66.0,6.0,85.71428571428571,3.473684210526316,42.0,7.0588235294117645,0.9545454545454546,0,Finishers / All-Rounders
R Shepherd,3,115.0,19.166666666666668,169.11764705882354,12.777777777777779,6.0,11.729323308270676,0.75,2,Finishers / All-Rounders
R Shukla,3,19.0,9.5,82.6086956521739,4.75,7.0,10.015384615384615,1.0,0,Finishers / All-Rounders
R Tewatia,9,1013.0,23.558139534883722,128.55329949238578,15.584615384615384,36.0,7.739030023094688,0.6923076923076923,3,Finishers / All-Rounders
R Vinay Kumar,11,310.0,11.923076923076923,107.26643598615917,7.380952380952381,127.0,8.346752058554438,1.2211538461538463,3,Finishers / All-Rounders
RA Bawa,1,11.0,5.5,78.57142857142857,5.5,0.0,0.0,0.0,2,Finishers / All-Rounders
RA Jadeja,15,2959.0,25.95614035087719,124.4322960470984,16.43888888888889,169.0,7.5743260590500645,0.8009478672985783,3,Finishers / All-Rounders
RA Shaikh,1,0.0,0.0,0.0,0.0,0.0,11.0,0.0,0,Finishers / All-Rounders
RA Tripathi,7,2236.0,27.604938271604937,135.5151515151515,24.043010752688172,0.0,12.0,0.0,1,Power Hitters
RD Chahar,6,129.0,8.0625,101.5748031496063,5.863636363636363,76.0,7.65468473777254,0.987012987012987,3,Finishers / All-Rounders
RD Gaikwad,4,2380.0,42.5,133.63279056709715,36.61538461538461,0.0,0.0,0.0,1,Power Hitters
RE Levi,1,83.0,13.833333333333334,112.16216216216216,13.833333333333334,0.0,0.0,0.0,2,Finishers / All-Rounders
RE van der Merwe,5,159.0,13.25,110.41666666666667,10.6,25.0,6.791208791208792,1.1904761904761905,3,Finishers / All-Rounders
RG More,1,2.0,2.0,100.0,2.0,1.0,10.216216216216216,0.5,0,Finishers / All-Rounders
RG Sharma,16,6630.0,28.57758620689655,127.91819409608335,26.41434262948207,16.0,7.9426934097421205,0.5,1,Power Hitters
RJ Gleeson,1,2.0,2.0,100.0,2.0,1.0,8.470588235294118,0.5,0,Finishers / All-Rounders
RJ Harris,5,117.0,9.75,104.46428571428571,5.571428571428571,47.0,7.526011560693642,1.2702702702702702,3,Finishers / All-Rounders
RJ Peterson,1,32.0,10.666666666666666,100.0,6.4,3.0,8.75,0.75,0,Finishers / All-Rounders
RJ Quiney,1,103.0,14.714285714285714,98.0952380952381,14.714285714285714,0.0,0.0,0.0,2,Finishers / All-Rounders
RJW Topley,2,3.0,3.0,50.0,3.0,5.0,10.205607476635514,1.0,0,Finishers / All-Rounders
RK Bhui,3,10.0,2.5,37.03703703703704,2.5,0.0,0.0,0.0,0,Finishers / All-Rounders
RK Singh,6,893.0,30.79310344827586,136.54434250764527,22.325,0.0,0.0,0.0,2,Finishers / All-Rounders
RM Patidar,3,799.0,33.291666666666664,149.625468164794,33.291666666666664,0.0,0.0,0.0,2,Finishers / All-Rounders
RN ten Doeschate,5,326.0,19.176470588235293,136.9747899159664,15.523809523809524,3.0,6.795180722891566,0.3,2,Finishers / All-Rounders
RP Meredith,3,0.0,0.0,0.0,0.0,21.0,8.978313253012047,1.1666666666666667,0,Finishers / All-Rounders
RP Singh,7,52.0,3.466666666666667,66.66666666666667,1.8571428571428572,100.0,7.738527214514408,1.2195121951219512,3,Finishers / All-Rounders
RR Bhatkal,1,0.0,0.0,0.0,0.0,0.0,17.5,0.0,0,Finishers / All-Rounders
RR Bose,1,0.0,0.0,0.0,0.0,0.0,12.0,0.0,0,Finishers / All-Rounders
RR Pant,7,3297.0,34.34375,143.59756097560975,29.972727272727273,0.0,0.0,0.0,1,Power Hitters
RR Powar,5,67.0,22.333333333333332,104.6875,7.444444444444445,15.0,7.286681715575622,0.5769230769230769,2,Finishers / All-Rounders
RR Raje,2,20.0,20.0,111.11111111111111,4.0,7.0,8.916666666666666,0.7,2,Finishers / All-Rounders
RR Rossouw,4,473.0,22.523809523809526,147.35202492211837,21.5,0.0,0.0,0.0,2,Finishers / All-Rounders
RR Sarwan,1,73.0,24.333333333333332,93.58974358974359,18.25,0.0,0.0,0.0,2,Finishers / All-Rounders
RS Bopara,3,531.0,27.94736842105263,113.46153846153847,24.136363636363637,13.0,8.47887323943662,0.9285714285714286,2,Finishers / All-Rounders
RS Gavaskar,1,2.0,2.0,25.0,2.0,0.0,8.0,0.0,0,Finishers / All-Rounders
RS Hangargekar,1,0.0,0.0,0.0,0.0,3.0,8.372093023255813,1.5,0,Finishers / All-Rounders
RS Sodhi,1,4.0,4.0,200.0,4.0,0.0,0.0,0.0,2,Finishers / All-Rounders
RT Ponting,2,91.0,11.375,70.54263565891473,10.11111111111111,0.0,0.0,0.0,2,Finishers / All-Rounders
RV Gomez,2,50.0,7.142857142857143,94.33962264150944,5.555555555555555,6.0,8.041237113402062,0.6666666666666666,0,Finishers / All-Rounders
RV Patel,3,80.0,16.0,105.26315789473684,11.428571428571429,0.0,6.6,0.0,2,Finishers / All-Rounders
RV Uthappa,14,4954.0,26.92391304347826,126.15227909345556,25.14720812182741,0.0,0.0,0.0,1,Power Hitters
RW Price,1,0.0,0.0,0.0,0.0,0.0,11.0,0.0,0,Finishers / All-Rounders
Rahmanullah Gurbaz,2,289.0,22.23076923076923,126.75438596491227,22.23076923076923,0.0,0.0,0.0,2,Finishers / All-Rounders
Ramandeep Singh,2,170.0,28.333333333333332,160.37735849056602,13.076923076923077,6.0,8.533333333333333,1.5,2,Finishers / All-Rounders
Rashid Khan,7,545.0,14.72972972972973,153.5211267605634,9.39655172413793,157.0,6.907962771458118,1.2975206611570247,3,Finishers / All-Rounders
Rasikh Salam,3,40.0,8.0,100.0,6.666666666666667,9.0,9.884057971014492,0.8181818181818182,0,Finishers / All-Rounders
Ravi Bishnoi,4,32.0,4.571428571428571,61.53846153846154,2.2857142857142856,68.0,7.647945205479452,1.0461538461538462,0,Finishers / All-Rounders
S Anirudha,6,136.0,17.0,112.39669421487604,11.333333333333334,0.0,0.0,0.0,2,Finishers / All-Rounders
S Aravind,5,59.0,19.666666666666668,100.0,5.9,48.0,8.048223350253807,1.263157894736842,3,Finishers / All-Rounders
S Badree,3,13.0,2.6,52.0,2.6,11.0,7.505703422053232,0.9166666666666666,0,Finishers / All-Rounders
S Badrinath,6,1441.0,30.020833333333332,115.7429718875502,22.16923076923077,0.0,0.0,0.0,2,Finishers / All-Rounders
S Chanderpaul,1,25.0,8.333333333333334,75.75757575757575,8.333333333333334,0.0,0.0,0.0,2,Finishers / All-Rounders
S Dhawan,16,6769.0,34.891752577319586,123.45431333211745,30.6289592760181,4.0,8.816326530612246,0.6666666666666666,1,Power Hitters
S Dube,5,1502.0,30.04,139.46146703806872,24.62295081967213,6.0,9.743589743589743,0.42857142857142855,1,Power Hitters
S Gopal,8,180.0,13.846153846153847,104.04624277456648,8.181818181818182,53.0,8.148,1.0392156862745099,3,Finishers / All-Rounders
S Joseph,1,0.0,0.0,0.0,0.0,0.0,10.2,0.0,0,Finishers / All-Rounders
S Kaul,7,20.0,6.666666666666667,55.55555555555556,2.2222222222222223,63.0,8.588045234248789,1.1454545454545455,3,Finishers / All-Rounders
S Kaushik,2,0.0,0.0,0.0,0.0,6.0,8.685714285714285,0.6,0,Finishers / All-Rounders
S Ladda,4,0.0,0.0,0.0,0.0,5.0,9.574468085106384,0.5555555555555556,0,Finishers / All-Rounders
S Lamichhane,2,0.0,0.0,0.0,0.0,14.0,8.445497630331754,1.5555555555555556,0,Finishers / All-Rounders
S Midhun,1,0.0,0.0,0.0,0.0,0.0,13.384615384615385,0.0,0,Finishers / All-Rounders
S Nadeem,10,39.0,2.4375,44.31818181818182,1.95,54.0,7.4792243767313025,0.7714285714285715,3,Finishers / All-Rounders
S Narwal,2,37.0,9.25,127.58620689655173,9.25,6.0,10.778761061946904,1.0,0,Finishers / All-Rounders
S Rana,2,91.0,18.2,110.97560975609755,11.375,0.0,6.75,0.0,2,Finishers / All-Rounders
S Randiv,1,2.0,2.0,50.0,2.0,8.0,7.433333333333334,1.0,0,Finishers / All-Rounders
S Sandeep Warrier,3,0.0,0.0,0.0,0.0,8.0,8.761363636363637,0.8,0,Finishers / All-Rounders
S Sohal,3,368.0,20.444444444444443,118.32797427652733,18.4,0.0,0.0,0.0,2,Finishers / All-Rounders
S Sreesanth,5,34.0,11.333333333333334,59.64912280701754,2.8333333333333335,43.0,7.736008447729672,0.9772727272727273,0,Finishers / All-Rounders
S Sriram,2,31.0,15.5,81.57894736842105,15.5,0.0,16.333333333333332,0.0,2,Finishers / All-Rounders
S Tyagi,2,3.0,3.0,75.0,3.0,6.0,8.290909090909091,0.42857142857142855,0,Finishers / All-Rounders
S Vidyut,1,145.0,18.125,126.08695652173913,18.125,1.0,10.153846153846155,1.0,2,Finishers / All-Rounders
SA Abbott,2,22.0,11.0,122.22222222222223,7.333333333333333,1.0,10.576271186440678,0.3333333333333333,2,Finishers / All-Rounders
SA Asnodkar,4,423.0,22.263157894736842,120.17045454545455,22.263157894736842,0.0,0.0,0.0,2,Finishers / All-Rounders
SA Yadav,11,3594.0,32.089285714285715,142.50594766058683,26.622222222222224,0.0,8.0,0.0,1,Power Hitters
SB Bangar,2,49.0,8.166666666666666,84.48275862068965,7.0,6.0,8.666666666666666,0.6666666666666666,0,Finishers / All-Rounders
SB Dubey,1,33.0,16.5,157.14285714285714,11.0,0.0,0.0,0.0,2,Finishers / All-Rounders
SB Jakati,7,28.0,14.0,93.33333333333333,5.6,50.0,8.032697547683924,0.8771929824561403,3,Finishers / All-Rounders
SB Joshi,1,6.0,3.0,37.5,3.0,1.0,8.945454545454545,0.25,0,Finishers / All-Rounders
SB Styris,3,131.0,18.714285714285715,97.76119402985074,13.1,9.0,7.513513513513513,0.8181818181818182,2,Finishers / All-Rounders
SB Wagh,2,2.0,1.0,66.66666666666667,1.0,5.0,8.166666666666666,0.625,0,Finishers / All-Rounders
SC Ganguly,5,1349.0,24.98148148148148,101.73453996983409,24.089285714285715,12.0,7.928571428571429,0.6,2,Finishers / All-Rounders
SC Kuggeleijn,1,0.0,0.0,0.0,0.0,2.0,8.52,1.0,0,Finishers / All-Rounders
SD Chitnis,4,99.0,14.142857142857142,107.6086956521739,12.375,2.0,9.789473684210527,1.0,0,Finishers / All-Rounders
SD Hope,1,183.0,22.875,146.4,20.333333333333332,0.0,0.0,0.0,2,Finishers / All-Rounders
SD Lad,1,15.0,15.0,115.38461538461539,15.0,0.0,0.0,0.0,2,Finishers / All-Rounders
SE Bond,1,1.0,1.0,50.0,1.0,9.0,7.068062827225131,1.125,0,Finishers / All-Rounders
SE Marsh,9,2489.0,38.292307692307695,130.10977522216413,36.072463768115945,0.0,0.0,0.0,1,Power Hitters
SE Rutherford,2,106.0,15.142857142857142,99.06542056074767,11.777777777777779,1.0,7.826086956521739,0.16666666666666666,2,Finishers / All-Rounders
SH Johnson,1,6.0,6.0,85.71428571428571,2.0,4.0,9.393939393939394,0.8,0,Finishers / All-Rounders
SJ Srivastava,2,5.0,5.0,100.0,1.25,15.0,8.705882352941176,1.0714285714285714,0,Finishers / All-Rounders
SK Raina,13,5536.0,32.95238095238095,132.53531242518554,27.68,30.0,7.348387096774194,0.43478260869565216,1,Power Hitters
SK Trivedi,6,42.0,5.25,68.85245901639344,3.0,73.0,7.491329479768786,0.9733333333333334,3,Finishers / All-Rounders
SK Warne,4,198.0,10.421052631578947,90.41095890410959,7.333333333333333,60.0,7.187244480784955,1.1111111111111112,3,Finishers / All-Rounders
SL Malinga,9,88.0,7.333333333333333,85.4368932038835,4.4,188.0,7.032952252858103,1.540983606557377,3,Finishers / All-Rounders
SM Boland,1,0.0,0.0,0.0,0.0,3.0,7.813953488372093,1.5,0,Finishers / All-Rounders
SM Curran,4,883.0,24.52777777777778,131.2035661218425,18.395833333333332,62.0,9.354943273905997,1.0689655172413792,3,Finishers / All-Rounders
SM Harwood,1,9.0,9.0,64.28571428571429,4.5,3.0,6.6268656716417915,1.0,0,Finishers / All-Rounders
SM Katich,2,241.0,24.1,126.17801047120419,21.90909090909091,0.0,0.0,0.0,2,Finishers / All-Rounders
SM Pollock,1,147.0,18.375,126.72413793103448,18.375,13.0,6.578571428571429,1.0,2,Finishers / All-Rounders
SMSM Senanayake,1,10.0,10.0,58.8235294117647,2.5,9.0,6.492307692307692,1.125,0,Finishers / All-Rounders
SN Khan,7,585.0,20.17241379310345,128.28947368421052,16.25,0.0,18.0,0.0,2,Finishers / All-Rounders
SN Thakur,8,307.0,13.347826086956522,134.64912280701753,8.771428571428572,100.0,8.816574027286508,1.0869565217391304,3,Finishers / All-Rounders
SO Hetmyer,5,1243.0,31.075,145.55035128805622,19.123076923076923,0.0,0.0,0.0,2,Finishers / All-Rounders
SP Fleming,1,196.0,21.77777777777778,114.61988304093568,19.6,0.0,0.0,0.0,2,Finishers / All-Rounders
SP Goswami,7,293.0,14.65,95.43973941368078,13.952380952380953,0.0,0.0,0.0,2,Finishers / All-Rounders
SP Jackson,2,61.0,10.166666666666666,107.01754385964912,7.625,0.0,0.0,0.0,2,Finishers / All-Rounders
SP Narine,12,1534.0,18.261904761904763,155.89430894308944,14.471698113207546,200.0,6.7612156295224315,1.1428571428571428,3,Finishers / All-Rounders
SPD Smith,8,2495.0,31.987179487179485,124.81240620310155,26.827956989247312,0.0,15.0,0.0,1,Power Hitters
SR Tendulkar,6,2334.0,32.87323943661972,114.18786692759295,29.923076923076923,0.0,9.567567567567567,0.0,1,Power Hitters
SR Watson,12,3880.0,30.793650793650794,134.16320885200554,27.5177304964539,107.0,7.698642957416939,1.019047619047619,1,Power Hitters
SS Agarwal,1,0.0,0.0,0.0,0.0,1.0,10.5,1.0,0,Finishers / All-Rounders
SS Cottrell,1,0.0,0.0,0.0,0.0,6.0,8.106870229007635,1.0,0,Finishers / All-Rounders
SS Iyer,8,3131.0,30.69607843137255,123.02554027504911,27.464912280701753,0.0,7.0,0.0,1,Power Hitters
SS Mundhe,1,0.0,0.0,0.0,0.0,1.0,5.142857142857142,1.0,0,Finishers / All-Rounders
SS Prabhudessai,3,126.0,14.0,111.50442477876106,12.6,0.0,0.0,0.0,2,Finishers / All-Rounders
SS Sarkar,1,0.0,0.0,0.0,0.0,1.0,8.16,0.5,0,Finishers / All-Rounders
SS Shaikh,1,6.0,6.0,85.71428571428571,6.0,0.0,0.0,0.0,2,Finishers / All-Rounders
SS Tiwary,10,1494.0,29.88,115.72424477149497,20.465753424657535,0.0,0.0,0.0,1,Power Hitters
SSB Magala,1,0.0,0.0,0.0,0.0,1.0,8.432432432432432,0.5,0,Finishers / All-Rounders
ST Jayasuriya,3,768.0,26.482758620689655,134.03141361256544,25.6,16.0,7.893687707641196,0.7619047619047619,2,Finishers / All-Rounders
STR Binny,10,880.0,20.0,125.71428571428571,13.333333333333334,28.0,7.4926350245499185,0.4444444444444444,3,Finishers / All-Rounders
SV Samson,11,4419.0,31.119718309859156,135.13761467889907,27.27777777777778,0.0,0.0,0.0,1,Power Hitters
SW Billings,5,503.0,19.346153846153847,126.06516290726817,18.62962962962963,0.0,0.0,0.0,2,Finishers / All-Rounders
SW Tait,4,23.0,7.666666666666667,88.46153846153847,4.6,26.0,7.50561797752809,1.2380952380952381,0,Finishers / All-Rounders
SZ Mulani,1,1.0,1.0,100.0,1.0,0.0,10.363636363636363,0.0,0,Finishers / All-Rounders
Sachin Baby,4,144.0,14.4,117.07317073170732,13.090909090909092,3.0,4.8,1.5,2,Finishers / All-Rounders
Salman Butt,1,193.0,27.571428571428573,112.20930232558139,27.571428571428573,0.0,0.0,0.0,2,Finishers / All-Rounders
Sameer Rizvi,1,51.0,12.75,118.6046511627907,10.2,0.0,0.0,0.0,2,Finishers / All-Rounders
Sandeep Sharma,11,54.0,10.8,73.97260273972603,2.16,153.0,7.708717948717949,1.2142857142857142,3,Finishers / All-Rounders
Sanvir Singh,2,25.0,12.5,113.63636363636364,5.0,0.0,0.0,0.0,2,Finishers / All-Rounders
Saurav Chauhan,1,18.0,6.0,112.5,6.0,0.0,0.0,0.0,2,Finishers / All-Rounders
Shahbaz Ahmed,4,536.0,18.482758620689655,114.77516059957173,14.486486486486486,21.0,9.289617486338798,0.5,2,Finishers / All-Rounders
Shahid Afridi,1,81.0,10.125,176.08695652173913,9.0,9.0,7.686486486486487,0.9,2,Finishers / All-Rounders
Shakib Al Hasan,9,795.0,19.875,119.54887218045113,15.288461538461538,71.0,7.3821782178217825,1.0142857142857142,3,Finishers / All-Rounders
Shashank Singh,2,423.0,38.45454545454545,155.51470588235293,22.263157894736842,1.0,7.894736842105264,0.3333333333333333,2,Finishers / All-Rounders
Shivam Mavi,3,51.0,5.666666666666667,87.93103448275862,4.636363636363637,33.0,8.366812227074236,1.03125,0,Finishers / All-Rounders
Shivam Sharma,2,5.0,5.0,166.66666666666666,2.5,4.0,8.68421052631579,0.8,0,Finishers / All-Rounders
Shivam Singh,1,2.0,2.0,66.66666666666667,2.0,0.0,0.0,0.0,0,Finishers / All-Rounders
Shoaib Ahmed,1,1.0,0.5,16.666666666666668,0.3333333333333333,5.0,8.970873786407767,0.7142857142857143,0,Finishers / All-Rounders
Shoaib Akhtar,1,2.0,2.0,25.0,2.0,5.0,7.0434782608695645,1.6666666666666667,0,Finishers / All-Rounders
Shoaib Malik,1,52.0,13.0,106.12244897959184,10.4,2.0,9.0,0.4,2,Finishers / All-Rounders
Shubman Gill,6,3216.0,37.395348837209305,132.23684210526315,32.484848484848484,0.0,0.0,0.0,1,Power Hitters
Sikandar Raza,2,182.0,26.0,127.27272727272727,20.22222222222222,3.0,9.954545454545455,0.42857142857142855,2,Finishers / All-Rounders
Simarjeet Singh,2,7.0,7.0,87.5,2.3333333333333335,10.0,8.238341968911918,1.0,0,Finishers / All-Rounders
Sohail Tanvir,1,36.0,12.0,116.12903225806451,7.2,24.0,6.226415094339623,2.1818181818181817,0,Finishers / All-Rounders
Sumit Kumar,1,18.0,9.0,69.23076923076923,6.0,0.0,10.363636363636363,0.0,0,Finishers / All-Rounders
Sunny Gupta,1,0.0,0.0,0.0,0.0,0.0,14.842105263157896,0.0,0,Finishers / All-Rounders
Sunny Singh,1,43.0,10.75,138.70967741935485,8.6,0.0,0.0,0.0,2,Finishers / All-Rounders
Suyash Sharma,2,0.0,0.0,0.0,0.0,11.0,8.659090909090908,0.8461538461538461,0,Finishers / All-Rounders
Swapnil Singh,4,51.0,10.2,110.8695652173913,5.666666666666667,7.0,8.763636363636364,0.5,0,Finishers / All-Rounders
T Banton,1,18.0,9.0,81.81818181818181,9.0,0.0,0.0,0.0,2,Finishers / All-Rounders
T Henderson,1,11.0,11.0,68.75,5.5,1.0,6.833333333333333,0.5,0,Finishers / All-Rounders
T Kohler-Cadmore,1,48.0,16.0,88.88888888888889,16.0,0.0,0.0,0.0,2,Finishers / All-Rounders
T Kohli,2,11.0,3.6666666666666665,55.0,3.6666666666666665,0.0,0.0,0.0,0,Finishers / All-Rounders
T Natarajan,5,3.0,3.0,60.0,1.5,76.0,8.569593147751606,1.2459016393442623,3,Finishers / All-Rounders
T Shamsi,2,2.0,2.0,50.0,2.0,3.0,9.25,0.6,0,Finishers / All-Rounders
T Stubbs,3,405.0,45.0,169.4560669456067,23.823529411764707,4.0,6.959999999999999,1.3333333333333333,2,Finishers / All-Rounders
T Taibu,1,31.0,10.333333333333334,119.23076923076923,10.333333333333334,0.0,0.0,0.0,2,Finishers / All-Rounders
T Thushara,2,12.0,6.0,63.1578947368421,3.0,10.0,6.833333333333333,1.6666666666666667,0,Finishers / All-Rounders
TA Boult,9,83.0,11.857142857142858,101.21951219512195,3.772727272727273,128.0,8.120263591433279,1.2427184466019416,3,Finishers / All-Rounders
TD Paine,1,10.0,5.0,34.48275862068966,5.0,0.0,0.0,0.0,0,Finishers / All-Rounders
TG Southee,10,120.0,10.909090909090908,111.11111111111111,6.315789473684211,57.0,8.434231378763867,1.0555555555555556,3,Finishers / All-Rounders
TH David,4,659.0,28.652173913043477,158.0335731414868,18.82857142857143,0.0,0.0,0.0,2,Finishers / All-Rounders
TK Curran,2,127.0,25.4,117.5925925925926,12.7,13.0,10.285714285714286,1.0,2,Finishers / All-Rounders
TL Seifert,2,26.0,8.666666666666666,100.0,8.666666666666666,0.0,0.0,0.0,2,Finishers / All-Rounders
TL Suman,5,676.0,22.533333333333335,115.1618398637138,17.333333333333332,7.0,7.815789473684211,0.6363636363636364,2,Finishers / All-Rounders
TM Dilshan,6,1153.0,28.121951219512194,110.12416427889207,23.06,5.0,8.02909090909091,0.2,2,Finishers / All-Rounders
TM Head,3,772.0,38.6,168.5589519650655,30.88,3.0,11.689655172413794,0.5,2,Finishers / All-Rounders
TM Srivastava,2,8.0,8.0,72.72727272727273,2.6666666666666665,0.0,0.0,0.0,2,Finishers / All-Rounders
TP Sudhindra,1,0.0,0.0,0.0,0.0,1.0,11.108108108108107,0.3333333333333333,0,Finishers / All-Rounders
TR Birt,1,75.0,15.0,127.11864406779661,15.0,0.0,0.0,0.0,2,Finishers / All-Rounders
TS Mills,2,8.0,2.0,57.142857142857146,1.6,11.0,9.605504587155963,1.1,0,Finishers / All-Rounders
TU Deshpande,4,21.0,21.0,140.0,5.25,46.0,9.205776173285198,1.2777777777777777,3,Finishers / All-Rounders
Tanush Kotian,1,24.0,24.0,75.0,24.0,0.0,0.0,0.0,2,Finishers / All-Rounders
Tejas Baroka,1,0.0,0.0,0.0,0.0,0.0,9.428571428571429,0.0,0,Finishers / All-Rounders
Tilak Varma,3,1156.0,41.285714285714285,139.27710843373495,30.42105263157895,0.0,7.304347826086956,0.0,2,Finishers / All-Rounders
U Kaul,1,0.0,0.0,0.0,0.0,0.0,0.0,0.0,0,Finishers / All-Rounders
UA Birla,1,7.0,7.0,46.666666666666664,7.0,0.0,0.0,0.0,2,Finishers / All-Rounders
UBT Chand,6,300.0,15.0,95.54140127388536,15.0,0.0,0.0,0.0,2,Finishers / All-Rounders
UT Khawaja,1,127.0,25.4,120.95238095238095,21.166666666666668,0.0,0.0,0.0,2,Finishers / All-Rounders
UT Yadav,14,208.0,9.904761904761905,98.5781990521327,4.333333333333333,163.0,8.354858934169279,1.1088435374149659,3,Finishers / All-Rounders
Umar Gul,1,39.0,13.0,205.26315789473685,9.75,14.0,7.764705882352941,2.3333333333333335,3,Finishers / All-Rounders
Umran Malik,4,23.0,23.0,143.75,4.6,31.0,9.07514450867052,1.1923076923076923,3,Finishers / All-Rounders
V Kaverappa,1,0.0,0.0,0.0,0.0,2.0,9.0,2.0,0,Finishers / All-Rounders
V Kohli,16,8014.0,36.76146788990825,128.51186658114176,32.84426229508197,5.0,8.431818181818182,0.19230769230769232,1,Power Hitters
V Pratap Singh,1,0.0,0.0,0.0,0.0,12.0,8.530805687203792,1.3333333333333333,0,Finishers / All-Rounders
V Sehwag,8,2728.0,27.836734693877553,148.82705946535734,26.23076923076923,6.0,10.26086956521739,0.4,1,Power Hitters
V Shankar,8,1115.0,25.930232558139537,125.28089887640449,19.224137931034484,12.0,8.0,0.5454545454545454,2,Finishers / All-Rounders
V Viyaskanth,1,7.0,7.0,140.0,7.0,1.0,9.0,0.3333333333333333,2,Finishers / All-Rounders
VG Arora,3,9.0,4.5,52.94117647058823,1.2857142857142858,20.0,8.583732057416267,1.0,0,Finishers / All-Rounders
VH Zol,1,29.0,14.5,111.53846153846153,14.5,0.0,0.0,0.0,2,Finishers / All-Rounders
VR Aaron,9,50.0,12.5,68.4931506849315,4.166666666666667,46.0,8.60281690140845,0.92,3,Finishers / All-Rounders
VR Iyer,4,1326.0,30.837209302325583,132.6,27.06122448979592,3.0,10.357142857142858,0.3333333333333333,2,Finishers / All-Rounders
VRV Singh,3,4.0,4.0,133.33333333333334,2.0,16.0,8.878706199460916,0.8888888888888888,0,Finishers / All-Rounders
VS Malik,5,7.0,7.0,100.0,3.5,6.0,7.584905660377358,0.46153846153846156,0,Finishers / All-Rounders
VS Yeligati,1,2.0,2.0,100.0,2.0,0.0,11.4375,0.0,0,Finishers / All-Rounders
VVS Laxman,4,282.0,17.625,104.0590405904059,14.1,0.0,0.0,0.0,2,Finishers / All-Rounders
VY Mahesh,4,15.0,7.5,53.57142857142857,3.0,22.0,8.540389972144846,1.2941176470588236,0,Finishers / All-Rounders
Vijaykumar Vyshak,2,14.0,7.0,107.6923076923077,3.5,17.0,9.777777777777779,1.5454545454545454,0,Finishers / All-Rounders
Virat Singh,1,15.0,5.0,57.69230769230769,7.5,0.0,0.0,0.0,2,Finishers / All-Rounders
Vishnu Vinod,2,56.0,9.333333333333334,96.55172413793103,9.333333333333334,0.0,0.0,0.0,2,Finishers / All-Rounders
Vivrant Sharma,1,69.0,69.0,140.81632653061226,69.0,0.0,10.571428571428571,0.0,1,Power Hitters
W Jaffer,2,130.0,18.571428571428573,100.7751937984496,16.25,0.0,0.0,0.0,2,Finishers / All-Rounders
WA Mota,2,56.0,11.2,73.6842105263158,7.0,4.0,7.84,0.5714285714285714,0,Finishers / All-Rounders
WD Parnell,5,65.0,6.5,75.5813953488372,5.0,40.0,7.6622691292875995,1.2121212121212122,0,Finishers / All-Rounders
WG Jacks,1,230.0,38.333333333333336,172.93233082706766,28.75,2.0,10.90909090909091,0.4,2,Finishers / All-Rounders
WP Saha,16,2934.0,24.24793388429752,123.90202702702703,20.517482517482517,0.0,0.0,0.0,1,Power Hitters
WPUJC Vaas,3,81.0,11.571428571428571,110.95890410958904,7.363636363636363,22.0,7.583333333333333,1.6923076923076923,0,Finishers / All-Rounders
Washington Sundar,7,378.0,14.0,110.85043988269794,9.947368421052632,39.0,7.5281954887218046,0.6724137931034483,3,Finishers / All-Rounders
X Thalaivan Sargunam,1,10.0,10.0,58.8235294117647,10.0,0.0,0.0,0.0,2,Finishers / All-Rounders
Y Gnaneswara Rao,1,19.0,19.0,105.55555555555556,19.0,0.0,7.0,0.0,2,Finishers / All-Rounders
Y Nagar,4,285.0,19.0,105.1660516605166,14.25,4.0,10.416666666666666,0.5,2,Finishers / All-Rounders
Y Prithvi Raj,1,0.0,0.0,0.0,0.0,1.0,10.363636363636363,0.5,0,Finishers / All-Rounders
Y Venugopal Rao,6,985.0,23.452380952380953,113.8728323699422,18.942307692307693,7.0,9.135135135135135,0.35,2,Finishers / All-Rounders
YA Abdulla,2,0.0,0.0,0.0,0.0,15.0,8.405405405405405,1.3636363636363635,0,Finishers / All-Rounders
YBK Jaiswal,4,1607.0,32.795918367346935,146.7579908675799,30.903846153846153,0.0,36.0,0.0,1,Power Hitters
YK Pathan,12,3222.0,29.027027027027028,138.04627249357327,21.058823529411764,46.0,7.3125,0.5609756097560976,1,Power Hitters
YS Chahal,11,37.0,6.166666666666667,41.57303370786517,2.176470588235294,213.0,7.741455347298787,1.3396226415094339,3,Finishers / All-Rounders
YV Dhull,1,16.0,5.333333333333333,69.56521739130434,5.333333333333333,0.0,0.0,0.0,2,Finishers / All-Rounders
YV Takawale,3,192.0,24.0,104.91803278688525,19.2,0.0,0.0,0.0,2,Finishers / All-Rounders
Yash Dayal,3,0.0,0.0,0.0,0.0,31.0,9.102439024390243,1.1071428571428572,0,Finishers / All-Rounders
Yash Thakur,2,0.0,0.0,0.0,0.0,27.0,9.75,1.4210526315789473,0,Finishers / All-Rounders
Yashpal Singh,1,47.0,11.75,70.14925373134328,11.75,0.0,0.0,0.0,2,Finishers / All-Rounders
Younis Khan,1,3.0,3.0,42.857142857142854,3.0,0.0,0.0,0.0,0,Finishers / All-Rounders
Yudhvir Singh,2,22.0,5.5,137.5,5.5,4.0,10.135135135135135,0.8,0,Finishers / All-Rounders
Yuvraj Singh,11,2754.0,25.26605504587156,124.78477571363842,21.857142857142858,39.0,7.421768707482993,0.5342465753424658,1,Power Hitters
Z Khan,10,117.0,7.8,82.97872340425532,4.333333333333333,119.0,7.539543057996485,1.202020202020202,3,Finishers / All-Rounders
